Rk,Player,Nation,Pos,Squad,Age,Born,MP,Starts,Min,90s,Gls,Ast,G+A,G-PK,PK,PKatt,CrdY,CrdR,xG,npxG,xAG,npxG+xAG,PrgC,PrgP,PrgR,Gls,Ast,G+A,G-PK,G+A-PK,xG,xAG,xG+xAG,npxG,npxG+xAG,Matches,
1,Kurt Zouma,fr FRA,DF,West Ham,29-140,1994,23,23,"1,997",22.2,2,0,2,2,0,0,3,0,1.5,1.5,0.1,1.6,5,43,0,0.09,0,0.09,0.09,0.09,0.07,0,0.07,0.07,0.07,Matches,
2,Oleksandr Zinchenko,ua UKR,DF,Arsenal,27-091,1996,22,17,"1,440",16,1,2,3,1,0,0,2,0,0.5,0.5,1.8,2.3,36,196,54,0.06,0.12,0.19,0.06,0.19,0.03,0.11,0.14,0.03,0.14,Matches,
3,Anass Zaroury,ma MAR,"FW,MF",Burnley,23-129,2000,6,1,152,1.7,0,0,0,0,0,0,0,1,0.2,0.2,0,0.2,2,2,12,0,0,0,0,0,0.1,0.02,0.12,0.1,0.12,Matches,
4,Nicolò Zaniolo,it ITA,"MF,FW",Aston Villa,24-257,1999,19,7,592,6.6,1,0,1,1,0,0,6,0,1.8,1.8,0.9,2.7,23,21,45,0.15,0,0.15,0.15,0.15,0.27,0.14,0.41,0.27,0.41,Matches,
5,Illia Zabarnyi,ua UKR,DF,Bournemouth,21-196,2002,28,28,"2,520",28,1,0,1,1,0,0,4,0,1.1,1.1,0.3,1.4,21,90,1,0.04,0,0.04,0.04,0.04,0.04,0.01,0.05,0.04,0.05,Matches,
6,Ashley Young,eng ENG,"DF,MF",Everton,38-250,1985,21,19,"1,528",17,0,0,0,0,0,0,6,1,0.4,0.4,1.2,1.6,28,60,39,0,0,0,0,0,0.03,0.07,0.09,0.03,0.09,Matches,
7,Ryan Yates,eng ENG,MF,Nott'ham Forest,26-115,1997,25,13,"1,331",14.8,0,0,0,0,0,0,4,0,1.7,1.7,0.2,1.8,13,49,32,0,0,0,0,0,0.11,0.01,0.12,0.11,0.12,Matches,
8,Yehor Yarmoliuk,ua UKR,MF,Brentford,20-014,2004,17,4,439,4.9,0,0,0,0,0,0,2,0,,,,,,,,0,0,0,0,0,,,,,,Matches,
9,Joe Worrall,eng ENG,DF,Nott'ham Forest,27-065,1997,7,5,439,4.9,0,0,0,0,0,0,0,1,0.1,0.1,0.2,0.3,0,8,1,0,0,0,0,0,0.02,0.04,0.06,0.02,0.06,Matches,
10,Cauley Woodrow,eng ENG,"FW,MF",Luton Town,29-104,1994,15,2,250,2.8,1,0,1,1,0,0,2,0,1.1,1.1,0.4,1.5,5,4,17,0.36,0,0.36,0.36,0.36,0.39,0.14,0.53,0.39,0.53,Matches,
11,Chris Wood,nz NZL,FW,Nott'ham Forest,32-099,1991,21,10,964,10.7,8,1,9,8,0,0,0,0,5.5,5.5,1.4,6.9,10,16,39,0.75,0.09,0.84,0.75,0.84,0.52,0.13,0.64,0.52,0.64,Matches,
12,Yoane Wissa,cd COD,FW,Brentford,27-194,1996,24,21,"1,820",20.2,7,1,8,7,0,0,4,0,7.6,7.6,2.2,9.8,33,30,105,0.35,0.05,0.4,0.35,0.4,0.38,0.11,0.49,0.38,0.49,Matches,
13,Harry Wilson,wls WAL,FW,Fulham,26-359,1997,26,14,"1,392",15.5,3,4,7,3,0,0,6,0,2.9,2.9,2.7,5.6,30,50,109,0.19,0.26,0.45,0.19,0.45,0.18,0.18,0.36,0.18,0.36,Matches,
14,Callum Wilson,eng ENG,FW,Newcastle Utd,32-017,1992,16,8,862,9.6,7,1,8,5,2,2,2,0,7.2,5.7,0.5,6.2,9,6,63,0.73,0.1,0.84,0.52,0.63,0.76,0.05,0.81,0.59,0.64,Matches,
15,Joe Willock,eng ENG,MF,Newcastle Utd,24-208,1999,6,3,304,3.4,1,0,1,1,0,0,0,0,0.7,0.7,0.4,1.1,11,12,17,0.3,0,0.3,0.3,0.3,0.19,0.13,0.32,0.19,0.32,Matches,
16,Willian,br BRA,FW,Fulham,35-219,1988,23,18,"1,531",17,4,2,6,2,2,2,1,0,4.5,2.9,3,5.9,65,114,137,0.24,0.12,0.35,0.12,0.24,0.27,0.18,0.44,0.17,0.35,Matches,
17,Neco Williams,wls WAL,"DF,FW",Nott'ham Forest,22-337,2001,19,11,"1,067",11.9,0,1,1,0,0,0,3,0,0.3,0.3,1.5,1.8,27,32,48,0,0.08,0.08,0,0.08,0.03,0.13,0.15,0.03,0.15,Matches,
18,Joe White,eng ENG,MF,Newcastle Utd,21-166,2002,2,0,11,0.1,0,0,0,0,0,0,1,0,0,0,0,0,2,2,3,0,0,0,0,0,0,0,0,0,0,Matches,
19,Ben White,eng ENG,DF,Arsenal,26-159,1997,27,25,"2,134",23.7,2,4,6,2,0,0,5,0,0.7,0.7,2.3,3,28,136,128,0.08,0.17,0.25,0.08,0.25,0.03,0.1,0.13,0.03,0.13,Matches,
20,Adam Wharton,eng ENG,MF,Crystal Palace,19-287,2004,6,5,455,5.1,0,0,0,0,0,0,1,0,0.1,0.1,0.6,0.7,4,19,2,0,0,0,0,0,0.02,0.12,0.14,0.02,0.14,Matches,
21,Timo Werner,de GER,FW,Tottenham,28-009,1996,7,5,418,4.6,2,2,4,2,0,0,0,0,1.8,1.8,1.5,3.2,44,25,70,0.43,0.43,0.86,0.43,0.86,0.38,0.31,0.69,0.38,0.69,Matches,
22,Danny Welbeck,eng ENG,"FW,MF",Brighton,33-110,1990,19,14,"1,028",11.4,3,1,4,3,0,0,2,0,3.6,3.6,1.3,4.8,20,28,64,0.26,0.09,0.35,0.26,0.35,0.31,0.11,0.42,0.31,0.42,Matches,
23,Adam Webster,eng ENG,DF,Brighton,29-071,1995,10,9,767,8.5,0,0,0,0,0,0,2,0,0.3,0.3,0.1,0.4,11,65,2,0,0,0,0,0,0.03,0.01,0.05,0.03,0.05,Matches,
24,Ollie Watkins,eng ENG,FW,Aston Villa,28-076,1995,28,28,"2,475",27.5,16,10,26,16,0,0,4,0,14.3,14.3,5.4,19.6,47,43,163,0.58,0.36,0.95,0.58,0.95,0.52,0.2,0.71,0.52,0.71,Matches,
25,Deivid Washington,br BRA,DF,Chelsea,18-284,2005,1,0,10,0.1,0,0,0,0,0,0,0,0,0.5,0.5,0,0.5,0,0,1,0,0,0,0,0,4.19,0,4.19,4.19,4.19,Matches,
26,James Ward-Prowse,eng ENG,MF,West Ham,29-135,1994,27,27,"2,332",25.9,5,7,12,3,2,2,4,0,5.1,3.5,5.6,9.1,17,103,57,0.19,0.27,0.46,0.12,0.39,0.2,0.22,0.41,0.14,0.35,Matches,
27,Joel Ward,eng ENG,DF,Crystal Palace,34-138,1989,20,20,"1,692",18.8,0,1,1,0,0,0,4,0,0.9,0.9,0.2,1.1,16,60,14,0,0.05,0.05,0,0.05,0.05,0.01,0.06,0.05,0.06,Matches,
28,Aaron Wan-Bissaka,eng ENG,DF,Manchester Utd,26-110,1997,12,10,884,9.8,0,1,1,0,0,0,3,0,0.1,0.1,1.2,1.3,19,37,26,0,0.1,0.1,0,0.1,0.01,0.12,0.13,0.01,0.13,Matches,
29,Kyle Walker,eng ENG,DF,Manchester City,33-292,1990,26,25,"2,260",25.1,0,2,2,0,0,0,2,0,0.4,0.4,2.3,2.7,65,139,151,0,0.08,0.08,0,0.08,0.02,0.09,0.11,0.02,0.11,Matches,
30,Odisseas Vlachodimos,gr GRE,GK,Nott'ham Forest,29-324,1994,5,5,450,5,0,0,0,0,0,0,0,0,0,0,0,0,0,1,0,0,0,0,0,0,0,0.01,0.01,0,0.01,Matches,
31,Vitinho,br BRA,"DF,MF",Burnley,24-236,1999,22,18,"1,604",17.8,0,0,0,0,0,0,1,0,1,1,0.2,1.3,45,55,74,0,0,0,0,0,0.06,0.01,0.07,0.06,0.07,Matches,
32,Carlos Vinícius,br BRA,FW,Fulham,28-356,1995,13,2,315,3.5,2,0,2,2,0,0,2,0,1.6,1.6,0.8,2.4,3,3,13,0.57,0,0.57,0.57,0.57,0.46,0.23,0.69,0.46,0.69,Matches,
33,Fabio Vieira,pt POR,"MF,FW",Arsenal,23-290,2000,9,2,286,3.2,1,2,3,0,1,1,0,1,1.2,0.4,1.4,1.8,10,13,27,0.31,0.63,0.94,0,0.63,0.38,0.45,0.82,0.13,0.58,Matches,
34,Guglielmo Vicario,it ITA,GK,Tottenham,27-160,1996,27,27,"2,430",27,0,0,0,0,0,0,2,0,0,0,0,0,0,1,0,0,0,0,0,0,0,0,0,0,0,Matches,
35,Bart Verbruggen,nl NED,GK,Brighton,21-210,2002,13,13,"1,170",13,0,0,0,0,0,0,2,0,0,0,0,0,0,2,0,0,0,0,0,0,0,0,0,0,0,Matches,
36,Micky van de Ven,nl NED,DF,Tottenham,22-331,2001,18,18,"1,529",17,1,0,1,1,0,0,1,0,0.3,0.3,0,0.4,11,69,2,0.06,0,0.06,0.06,0.06,0.02,0,0.02,0.02,0.02,Matches,
37,Joël Veltman,nl NED,DF,Brighton,32-060,1992,20,11,"1,132",12.6,0,1,1,0,0,0,2,0,0.1,0.1,0.4,0.5,20,71,39,0,0.08,0.08,0,0.08,0.01,0.03,0.04,0.01,0.04,Matches,
38,Alejo Véliz,ar ARG,FW,Tottenham,20-178,2003,8,0,50,0.6,1,0,1,1,0,0,1,0,0.2,0.2,0,0.2,0,1,3,1.8,0,1.8,1.8,1.8,0.45,0,0.45,0.45,0.45,Matches,
39,Raphaël Varane,fr FRA,DF,Manchester Utd,30-325,1993,19,14,"1,263",14,1,0,1,1,0,0,2,0,1.3,1.3,0.1,1.3,15,54,2,0.07,0,0.07,0.07,0.07,0.09,0,0.09,0.09,0.09,Matches,
40,Virgil van Dijk,nl NED,DF,Liverpool,32-251,1991,26,26,"2,277",25.3,2,2,4,2,0,0,1,1,2.1,2.1,1.5,3.6,22,132,6,0.08,0.08,0.16,0.08,0.16,0.08,0.06,0.14,0.08,0.14,Matches,
41,Enes Ünal,tr TUR,"MF,FW",Bournemouth,26-310,1997,6,0,102,1.1,1,1,2,1,0,0,0,0,1.1,1.1,0.2,1.3,1,3,15,0.88,0.88,1.76,0.88,1.76,0.99,0.18,1.17,0.99,1.17,Matches,
42,Lesley Ugochukwu,fr FRA,MF,Chelsea,19-355,2004,10,3,273,3,0,0,0,0,0,0,2,0,0,0,0,0,6,15,2,0,0,0,0,0,0,0.01,0.01,0,0.01,Matches,
43,Destiny Udogie,it ITA,DF,Tottenham,21-108,2002,23,23,"1,941",21.6,2,3,5,2,0,0,7,1,2.3,2.3,2,4.3,69,124,117,0.09,0.14,0.23,0.09,0.23,0.11,0.09,0.2,0.11,0.2,Matches,
44,Matt Turner,us USA,GK,Nott'ham Forest,29-265,1994,17,17,"1,530",17,0,0,0,0,0,0,1,0,0,0,0,0,0,0,0,0,0,0,0,0,0,0,0,0,0,Matches,
45,Kostas Tsimikas,gr GRE,DF,Liverpool,27-308,1996,12,8,672,7.5,0,3,3,0,0,0,0,0,0.1,0.1,1,1.1,23,31,69,0,0.4,0.4,0,0.4,0.01,0.14,0.15,0.01,0.15,Matches,
46,Auston Trusty,us USA,DF,Sheffield Utd,25-216,1998,22,19,"1,773",19.7,0,0,0,0,0,0,4,0,0.3,0.3,0.5,0.8,8,27,8,0,0,0,0,0,0.01,0.03,0.04,0.01,0.04,Matches,
47,Leandro Trossard,be BEL,"FW,MF",Arsenal,29-102,1994,24,10,"1,020",11.3,7,1,8,7,0,0,0,0,5.3,5.3,1.9,7.2,35,53,93,0.62,0.09,0.71,0.62,0.71,0.46,0.17,0.63,0.46,0.63,Matches,
48,Kieran Trippier,eng ENG,DF,Newcastle Utd,33-178,1990,25,25,"2,163",24,1,10,11,1,0,0,5,0,0.7,0.7,7.4,8.1,34,151,123,0.04,0.42,0.46,0.04,0.46,0.03,0.31,0.34,0.03,0.34,Matches,
49,Mike Trésor,be BEL,"FW,MF",Burnley,24-292,1999,14,3,405,4.5,0,0,0,0,0,0,0,0,0.5,0.5,0.4,0.9,14,10,29,0,0,0,0,0,0.1,0.09,0.19,0.1,0.19,Matches,
50,Boubacar Traoré,ml MLI,"MF,FW",Wolves,22-208,2001,14,3,403,4.5,0,0,0,0,0,0,1,0,0.1,0.1,0.2,0.2,4,12,9,0,0,0,0,0,0.02,0.04,0.05,0.02,0.05,Matches,
51,Bertrand Traoré,bf BFA,"DF,FW",Aston Villa,28-191,1995,2,0,11,0.1,0,0,0,0,0,0,0,0,0,0,0,0,0,0,0,0,0,0,0,0,0,0,0,0,0,Matches,
52,Adama Traoré,es ESP,"FW,MF",Fulham,28-050,1996,9,0,108,1.2,1,1,2,1,0,0,1,0,1.2,1.2,0.3,1.6,5,5,8,0.83,0.83,1.67,0.83,1.67,1.01,0.29,1.29,1.01,1.29,Matches,
53,James Trafford,eng ENG,GK,Burnley,21-157,2002,28,28,"2,520",28,0,0,0,0,0,0,2,0,0,0,0,0,0,6,0,0,0,0,0,0,0,0,0,0,0,Matches,
54,Andros Townsend,eng ENG,"MF,FW",Luton Town,32-243,1991,19,10,844,9.4,1,3,4,1,0,0,1,0,1.1,1.1,1,2.2,34,25,48,0.11,0.32,0.43,0.11,0.43,0.12,0.11,0.23,0.12,0.23,Matches,
55,Pau Torres,es ESP,DF,Aston Villa,27-059,1997,21,19,"1,744",19.4,2,0,2,2,0,0,1,0,0.9,0.9,0.4,1.3,33,104,15,0.1,0,0.1,0.1,0.1,0.05,0.02,0.07,0.05,0.07,Matches,
56,Ivan Toney,eng ENG,FW,Brentford,27-365,1996,9,9,810,9,4,0,4,4,0,0,2,0,3.1,3.1,0.6,3.7,14,24,57,0.44,0,0.44,0.44,0.44,0.34,0.07,0.41,0.34,0.41,Matches,
57,Sandro Tonali,it ITA,MF,Newcastle Utd,23-312,2000,8,5,438,4.9,1,0,1,1,0,0,2,0,0.7,0.7,0.6,1.3,11,19,21,0.21,0,0.21,0.21,0.21,0.13,0.13,0.26,0.13,0.26,Matches,
58,James Tomkins,eng ENG,DF,Crystal Palace,34-352,1989,3,0,6,0.1,0,0,0,0,0,0,0,0,0,0,0,0,0,0,0,0,0,0,0,0,0,0,0,0,0,Matches,
59,Takehiro Tomiyasu,jp JPN,DF,Arsenal,25-131,1998,13,5,634,7,1,1,2,1,0,0,2,1,0.5,0.5,0.2,0.7,11,58,24,0.14,0.14,0.28,0.14,0.28,0.07,0.03,0.11,0.07,0.11,Matches,
60,Harry Toffolo,eng ENG,DF,Nott'ham Forest,28-209,1995,17,13,"1,237",13.7,1,3,4,1,0,0,2,0,1.6,1.6,1.5,3.2,7,31,33,0.07,0.22,0.29,0.07,0.29,0.12,0.11,0.23,0.12,0.23,Matches,
61,Jurriën Timber,nl NED,DF,Arsenal,22-272,2001,1,1,49,0.5,0,0,0,0,0,0,1,0,0,0,0,0,0,7,3,0,0,0,0,0,0,0,0,0,0,Matches,
62,Youri Tielemans,be BEL,"MF,FW",Aston Villa,26-313,1997,24,10,"1,055",11.7,1,4,5,1,0,0,1,0,1.1,1.1,1.8,2.9,16,85,43,0.09,0.34,0.43,0.09,0.43,0.09,0.16,0.25,0.09,0.25,Matches,
63,Luke Thomas,eng ENG,DF,Sheffield Utd,22-279,2001,12,11,917,10.2,0,0,0,0,0,0,3,0,0.5,0.5,0.1,0.6,8,33,22,0,0,0,0,0,0.05,0,0.06,0.05,0.06,Matches,
64,Kenny Tete,nl NED,DF,Fulham,28-158,1995,10,8,672,7.5,1,0,1,1,0,0,2,0,0.8,0.8,0.1,0.9,15,35,33,0.13,0,0.13,0.13,0.13,0.1,0.01,0.12,0.1,0.12,Matches,
65,Charlie Taylor,eng ENG,DF,Burnley,30-179,1993,20,19,"1,723",19.1,1,1,2,1,0,0,6,0,0.1,0.1,0.9,1,21,60,42,0.05,0.05,0.1,0.05,0.1,0.01,0.05,0.05,0.01,0.05,Matches,
66,Marcus Tavernier,eng ENG,FW,Bournemouth,24-359,1999,25,21,"1,815",20.2,2,4,6,2,0,0,2,0,3.6,3.6,4.9,8.5,73,74,148,0.1,0.2,0.3,0.1,0.3,0.18,0.24,0.42,0.18,0.42,Matches,
67,Nuno Tavares,pt POR,DF,Nott'ham Forest,24-049,2000,7,5,455,5.1,0,0,0,0,0,0,2,0,0.2,0.2,0.5,0.7,14,24,12,0,0,0,0,0,0.03,0.1,0.13,0.03,0.13,Matches,
68,James Tarkowski,eng ENG,DF,Everton,31-117,1992,28,28,"2,519",28,1,1,2,1,0,0,5,0,2.2,2.2,1.8,4,14,106,17,0.04,0.04,0.07,0.04,0.07,0.08,0.06,0.14,0.08,0.14,Matches,
69,Matt Targett,eng ENG,DF,Newcastle Utd,28-179,1995,3,1,78,0.9,0,0,0,0,0,0,1,0,0,0,0,0,1,2,0,0,0,0,0,0,0,0.03,0.03,0,0.03,Matches,
70,Dominik Szoboszlai,hu HUN,MF,Liverpool,23-142,2000,23,21,"1,732",19.2,3,2,5,3,0,0,1,0,2.4,2.4,4.3,6.7,60,124,122,0.16,0.1,0.26,0.16,0.26,0.12,0.22,0.35,0.12,0.35,Matches,
71,Thomas Strakosha,al ALB,GK,Brentford,28-362,1995,2,1,135,1.5,0,0,0,0,0,0,0,0,0,0,0,0,0,0,0,0,0,0,0,0,0,0,0,0,0,Matches,
72,John Stones,eng ENG,"DF,MF",Manchester City,29-292,1994,14,11,952,10.6,1,0,1,1,0,0,2,0,1,1,0.2,1.2,15,50,20,0.09,0,0.09,0.09,0.09,0.1,0.02,0.12,0.1,0.12,Matches,
73,Raheem Sterling,eng ENG,"FW,MF",Chelsea,29-098,1994,25,21,"1,813",20.1,6,3,9,6,0,0,6,0,5.5,5.5,3.8,9.3,109,69,226,0.3,0.15,0.45,0.3,0.45,0.28,0.19,0.46,0.28,0.46,Matches,
74,Jason Steele,eng ENG,GK,Brighton,33-210,1990,15,15,"1,350",15,0,0,0,0,0,0,0,0,0,0,0,0,0,0,0,0,0,0,0,0,0,0,0,0,0,Matches,
75,Vinicius Souza,br BRA,MF,Sheffield Utd,24-272,1999,27,25,"2,167",24.1,1,0,1,1,0,0,2,0,0.4,0.4,0.2,0.6,6,53,17,0.04,0,0.04,0.04,0.04,0.02,0.01,0.03,0.02,0.03,Matches,
76,Tomáš Sou?ek,cz CZE,MF,West Ham,29-017,1995,27,25,"2,145",23.8,6,1,7,6,0,0,5,0,5.6,5.6,0.7,6.3,6,64,33,0.25,0.04,0.29,0.25,0.29,0.24,0.03,0.26,0.24,0.26,Matches,
77,Manor Solomon,il ISR,FW,Tottenham,24-235,1999,5,2,199,2.2,0,2,2,0,0,0,1,0,0.4,0.4,0.8,1.2,17,11,44,0,0.9,0.9,0,0.9,0.19,0.38,0.56,0.19,0.56,Matches,
78,Dominic Solanke,eng ENG,FW,Bournemouth,26-183,1997,28,28,"2,494",27.7,15,3,18,14,1,2,2,0,16.1,14.5,2.5,17,33,46,139,0.54,0.11,0.65,0.51,0.61,0.58,0.09,0.67,0.52,0.61,Matches,
79,Cédric Soares,pt POR,DF,Arsenal,32-197,1991,3,0,62,0.7,0,0,0,0,0,0,0,0,0,0,0,0,0,3,6,0,0,0,0,0,0,0,0,0,0,Matches,
80,Emile Smith Rowe,eng ENG,MF,Arsenal,23-231,2000,10,2,235,2.6,0,1,1,0,0,0,0,0,1.5,1.5,0.2,1.7,8,16,11,0,0.38,0.38,0,0.38,0.57,0.07,0.64,0.57,0.64,Matches,
81,Adam Smith,eng ENG,DF,Bournemouth,32-321,1991,19,16,"1,420",15.8,0,2,2,0,0,0,4,0,0,0,0.8,0.8,16,64,20,0,0.13,0.13,0,0.13,0,0.05,0.05,0,0.05,Matches,
82,Oliver Skipp,eng ENG,"MF,FW",Tottenham,23-181,2000,17,4,582,6.5,0,0,0,0,0,0,2,0,0.6,0.6,0.6,1.2,6,32,22,0,0,0,0,0,0.09,0.09,0.18,0.09,0.18,Matches,
83,Luis Sinisterra,co COL,"FW,MF",Bournemouth,24-272,1999,19,6,661,7.3,2,2,4,2,0,0,0,0,2.5,2.5,2.3,4.8,49,38,79,0.27,0.27,0.54,0.27,0.54,0.34,0.31,0.66,0.34,0.66,Matches,
84,Thiago Silva,br BRA,DF,Chelsea,39-175,1984,23,22,"1,983",22,2,0,2,2,0,0,3,0,0.4,0.4,0.6,1,2,80,2,0.09,0,0.09,0.09,0.09,0.02,0.03,0.05,0.02,0.05,Matches,
85,Fábio Silva,pt POR,FW,Wolves,21-240,2002,8,3,264,2.9,0,0,0,0,0,0,2,0,1,1,0.2,1.2,5,10,13,0,0,0,0,0,0.35,0.07,0.42,0.35,0.42,Matches,
86,Bernardo Silva,pt POR,"MF,FW",Manchester City,29-218,1994,24,21,"1,897",21.1,6,4,10,6,0,0,7,0,2.9,2.9,5.6,8.5,110,136,190,0.28,0.19,0.47,0.28,0.47,0.14,0.26,0.4,0.14,0.4,Matches,
87,Luke Shaw,eng ENG,DF,Manchester Utd,28-247,1995,12,12,959,10.7,0,0,0,0,0,0,6,0,0,0,1,1,10,45,30,0,0,0,0,0,0,0.09,0.1,0,0.1,Matches,
88,Marcos Senesi,ar ARG,DF,Bournemouth,26-310,1997,23,19,"1,658",18.4,3,2,5,3,0,0,8,0,1,1,0.8,1.8,21,88,3,0.16,0.11,0.27,0.16,0.27,0.05,0.05,0.1,0.05,0.1,Matches,
89,Antoine Semenyo,gh GHA,FW,Bournemouth,24-068,2000,24,18,"1,424",15.8,7,1,8,7,0,0,4,0,3.5,3.5,2.3,5.8,56,43,128,0.44,0.06,0.51,0.44,0.51,0.22,0.15,0.37,0.22,0.37,Matches,
90,Nélson Semedo,pt POR,"DF,MF",Wolves,30-120,1993,27,27,"2,347",26.1,0,1,1,0,0,0,7,0,0.9,0.9,1.1,2,79,110,113,0,0.04,0.04,0,0.04,0.03,0.04,0.08,0.03,0.08,Matches,
91,Matz Sels,be BEL,GK,Nott'ham Forest,32-018,1992,6,6,540,6,0,0,0,0,0,0,0,0,0,0,0,0,0,0,0,0,0,0,0,0,0,0,0,0,0,Matches,
92,Alex Scott,eng ENG,MF,Bournemouth,20-207,2003,15,7,692,7.7,1,1,2,1,0,0,2,0,0.5,0.5,0.8,1.3,15,33,18,0.13,0.13,0.26,0.13,0.26,0.06,0.11,0.17,0.06,0.17,Matches,
93,Jeffrey Schlupp,gh GHA,"FW,MF",Crystal Palace,31-083,1992,20,17,"1,223",13.6,1,1,2,1,0,0,0,0,1.7,1.7,1.7,3.5,18,28,37,0.07,0.07,0.15,0.07,0.15,0.13,0.13,0.25,0.13,0.25,Matches,
94,Fabian Schär,ch SUI,DF,Newcastle Utd,32-086,1991,28,28,"2,443",27.1,3,1,4,3,0,0,4,0,2.4,2.4,0.6,3,18,102,17,0.11,0.04,0.15,0.11,0.15,0.09,0.02,0.11,0.09,0.11,Matches,
95,Kevin Schade,de GER,"FW,MF",Brentford,22-109,2001,5,3,257,2.9,1,0,1,1,0,0,0,0,0.7,0.7,0.4,1.1,3,9,18,0.35,0,0.35,0.35,0.35,0.25,0.15,0.4,0.25,0.4,Matches,
96,Dane Scarlett,eng ENG,FW,Tottenham,19-357,2004,1,0,1,0,0,0,0,0,0,0,0,0,0,0,0,0,0,0,0,0,0,0,0,0,0,0,0,0,0,Matches,
97,Pablo Sarabia,es ESP,"MF,FW",Wolves,31-309,1992,21,15,"1,273",14.1,3,6,9,2,1,1,1,0,3.6,2.8,5.2,8,33,86,105,0.21,0.42,0.64,0.14,0.57,0.26,0.37,0.62,0.2,0.57,Matches,
98,Andrey Santos,br BRA,MF,Nott'ham Forest,19-317,2004,1,0,8,0.1,0,0,0,0,0,0,0,0,0.1,0.1,0,0.1,0,0,0,0,0,0,0,0,0.64,0,0.64,0.64,0.64,Matches,
99,Ibrahim Sangaré,ci CIV,MF,Nott'ham Forest,26-104,1997,12,11,850,9.4,0,0,0,0,0,0,6,0,0.6,0.6,0.3,0.9,5,37,7,0,0,0,0,0,0.06,0.03,0.1,0.06,0.1,Matches,
100,Jadon Sancho,eng ENG,"FW,MF",Manchester Utd,23-356,2000,3,0,79,0.9,0,0,0,0,0,0,0,0,0,0,0.1,0.1,10,4,5,0,0,0,0,0,0,0.06,0.06,0,0.06,Matches,
101,Robert Sánchez,es ESP,GK,Chelsea,26-118,1997,16,16,"1,433",15.9,0,0,0,0,0,0,2,0,0,0,0,0,0,1,0,0,0,0,0,0,0,0,0,0,0,Matches,
102,Davinson Sánchez,co COL,DF,Tottenham,27-277,1996,1,0,77,0.9,0,0,0,0,0,0,1,0,0.1,0.1,0,0.1,0,2,0,0,0,0,0,0,0.14,0,0.14,0.14,0.14,Matches,
103,Albert Sambi Lokonga,be BEL,MF,Luton Town,24-145,1999,12,11,873,9.7,0,2,2,0,0,0,2,0,0.4,0.4,1.3,1.7,18,47,8,0,0.21,0.21,0,0.21,0.04,0.13,0.17,0.04,0.17,Matches,
104,William Saliba,fr FRA,DF,Arsenal,22-357,2001,28,28,"2,520",28,2,1,3,2,0,0,3,0,1.5,1.5,0.2,1.7,14,117,5,0.07,0.04,0.11,0.07,0.11,0.05,0.01,0.06,0.05,0.06,Matches,
105,Mohamed Salah,eg EGY,FW,Liverpool,31-274,1992,22,20,"1,816",20.2,15,9,24,11,4,6,2,0,15,10.1,9.4,19.5,76,105,232,0.74,0.45,1.19,0.55,0.99,0.74,0.46,1.21,0.5,0.96,Matches,
106,Bukayo Saka,eng ENG,FW,Arsenal,22-192,2001,27,27,"2,262",25.1,13,8,21,9,4,4,3,0,11.5,8.4,8.2,16.6,123,100,422,0.52,0.32,0.84,0.36,0.68,0.46,0.33,0.79,0.33,0.66,Matches,
107,José Sá,pt POR,GK,Wolves,31-058,1993,26,26,"2,227",24.7,0,0,0,0,0,0,1,0,0,0,0,0,0,0,0,0,0,0,0,0,0,0,0,0,0,Matches,
108,Pelly Ruddock Mpanzu,cd COD,MF,Luton Town,30-242,1993,21,8,855,9.5,0,0,0,0,0,0,0,0,0.6,0.6,0.4,1,7,29,12,0,0,0,0,0,0.06,0.04,0.1,0.06,0.1,Matches,
109,Joe Rothwell,eng ENG,MF,Bournemouth,29-064,1995,11,3,386,4.3,0,0,0,0,0,0,0,0,0.1,0.1,0.2,0.3,6,20,3,0,0,0,0,0,0.02,0.06,0.08,0.02,0.08,Matches,
110,Cristian Romero,ar ARG,DF,Tottenham,25-323,1998,22,22,"1,800",20,4,0,4,4,0,0,4,1,1.6,1.6,0.2,1.9,24,120,4,0.2,0,0.2,0.2,0.2,0.08,0.01,0.09,0.08,0.09,Matches,
111,Morgan Rogers,eng ENG,MF,Aston Villa,21-233,2002,3,0,61,0.7,0,0,0,0,0,0,1,0,0.3,0.3,0.1,0.5,2,4,1,0,0,0,0,0,0.49,0.2,0.69,0.49,0.69,Matches,
112,Mads Roerslev,dk DEN,DF,Brentford,24-265,1999,24,16,"1,413",15.7,1,2,3,1,0,0,0,0,0.9,0.9,1.3,2.2,14,28,69,0.06,0.13,0.19,0.06,0.19,0.06,0.09,0.14,0.06,0.14,Matches,
113,Jay Rodriguez,eng ENG,FW,Burnley,34-230,1989,16,7,731,8.1,2,1,3,1,1,1,0,0,3,2.2,0.2,2.4,1,14,23,0.25,0.12,0.37,0.12,0.25,0.37,0.02,0.39,0.27,0.3,Matches,
114,Rodri,es ESP,MF,Manchester City,27-267,1996,25,25,"2,166",24.1,6,5,11,6,0,0,8,1,3.3,3.3,2.6,5.8,61,264,46,0.25,0.21,0.46,0.25,0.46,0.14,0.11,0.24,0.14,0.24,Matches,
115,Jack Robinson,eng ENG,DF,Sheffield Utd,30-196,1993,27,25,"2,322",25.8,1,1,2,1,0,0,7,0,1,1,1,2.1,4,41,9,0.04,0.04,0.08,0.04,0.08,0.04,0.04,0.08,0.04,0.08,Matches,
116,Antonee Robinson,us USA,DF,Fulham,26-220,1997,27,27,"2,378",26.4,0,5,5,0,0,0,4,0,0.5,0.5,3.2,3.7,72,92,135,0,0.19,0.19,0,0.19,0.02,0.12,0.14,0.02,0.14,Matches,
117,Andrew Robertson,sct SCO,DF,Liverpool,30-004,1994,15,11,"1,066",11.8,1,1,2,1,0,0,2,0,0.7,0.7,2.7,3.4,31,69,60,0.08,0.08,0.17,0.08,0.17,0.06,0.23,0.29,0.06,0.29,Matches,
118,Connor Roberts,wls WAL,DF,Burnley,28-174,1995,14,8,823,9.1,0,1,1,0,0,0,5,1,0,0,0.2,0.2,6,38,13,0,0.11,0.11,0,0.11,0,0.02,0.02,0,0.02,Matches,
119,Matt Ritchie,sct SCO,FW,Newcastle Utd,34-187,1989,8,0,109,1.2,1,0,1,1,0,0,1,0,0.8,0.8,0,0.8,2,7,9,0.83,0,0.83,0.83,0.83,0.67,0,0.67,0.67,0.67,Matches,
120,Jaïro Riedewald,nl NED,"MF,FW",Crystal Palace,27-188,1996,4,2,176,2,0,0,0,0,0,0,0,0,0,0,0,0,2,4,1,0,0,0,0,0,0,0,0,0,0,Matches,
121,Richarlison,br BRA,FW,Tottenham,26-310,1997,22,17,"1,346",15,10,3,13,10,0,0,3,0,8.6,8.6,1.8,10.3,23,33,99,0.67,0.2,0.87,0.67,0.87,0.57,0.12,0.69,0.57,0.69,Matches,
122,Chris Richards,us USA,"DF,MF",Crystal Palace,23-353,2000,19,16,"1,464",16.3,1,0,1,1,0,0,2,0,0.3,0.3,0.2,0.5,0,26,1,0.06,0,0.06,0.06,0.06,0.02,0.01,0.03,0.02,0.03,Matches,
123,Declan Rice,eng ENG,MF,Arsenal,25-061,1999,28,28,"2,391",26.6,6,5,11,6,0,0,3,0,2.2,2.2,3.7,5.9,55,227,39,0.23,0.19,0.41,0.23,0.41,0.08,0.14,0.22,0.08,0.22,Matches,
124,Rodrigo Ribeiro,pt POR,FW,Nott'ham Forest,18-322,2005,1,0,1,0,0,0,0,0,0,0,0,0,0,0,0,0,0,0,1,0,0,0,0,0,0,0,0,0,0,Matches,
125,Gio Reyna,us USA,"MF,FW",Nott'ham Forest,21-123,2002,3,0,41,0.5,0,0,0,0,0,0,0,0,0.1,0.1,0.1,0.2,1,1,5,0,0,0,0,0,0.14,0.19,0.33,0.14,0.33,Matches,
126,Bobby Reid,jm JAM,FW,Fulham,31-042,1993,24,14,"1,161",12.9,5,2,7,5,0,0,3,0,3.6,3.6,1.7,5.3,30,37,77,0.39,0.16,0.54,0.39,0.54,0.28,0.13,0.4,0.28,0.4,Matches,
127,Sergio Reguilón,es ESP,DF,Manchester Utd,27-090,1996,9,4,412,4.6,0,0,0,0,0,0,3,0,0.2,0.2,0.7,0.9,11,27,38,0,0,0,0,0,0.04,0.16,0.2,0.04,0.2,Matches,
128,Sergio Reguilón,es ESP,DF,Brentford,27-090,1996,7,6,508,5.6,0,1,1,0,0,0,2,0,0.5,0.5,1.1,1.6,9,6,18,0,0.18,0.18,0,0.18,0.1,0.19,0.28,0.1,0.28,Matches,
129,Harrison Reed,eng ENG,MF,Fulham,29-048,1995,22,13,"1,137",12.6,0,1,1,0,0,0,4,0,0.2,0.2,0.9,1.1,9,45,34,0,0.08,0.08,0,0.08,0.02,0.07,0.09,0.02,0.09,Matches,
130,Nathan Redmond,eng ENG,"FW,MF",Burnley,30-009,1994,12,0,142,1.6,0,0,0,0,0,0,1,0,0,0,0.3,0.3,7,8,22,0,0,0,0,0,0,0.19,0.19,0,0.19,Matches,
131,Tim Ream,us USA,DF,Fulham,36-162,1987,17,16,"1,413",15.7,1,0,1,1,0,0,4,1,1,1,0,1,11,65,3,0.06,0,0.06,0.06,0.06,0.06,0,0.06,0.06,0.06,Matches,
132,David Raya,es ESP,GK,Arsenal,28-182,1995,22,22,"1,980",22,0,0,0,0,0,0,0,0,0,0,0,0,0,2,0,0,0,0,0,0,0,0,0,0,0,Matches,
133,Marcus Rashford,eng ENG,FW,Manchester Utd,26-136,1997,27,23,"1,988",22.1,7,2,9,5,2,2,2,0,7.1,5.5,2.2,7.7,86,58,161,0.32,0.09,0.41,0.23,0.32,0.32,0.1,0.42,0.25,0.35,Matches,
134,Jacob Ramsey,eng ENG,"MF,FW",Aston Villa,22-292,2001,16,8,853,9.5,1,1,2,1,0,0,2,0,2.2,2.2,1,3.2,33,28,69,0.11,0.11,0.21,0.11,0.21,0.23,0.11,0.34,0.23,0.34,Matches,
135,Aaron Ramsey,eng ENG,"MF,FW",Burnley,21-054,2003,14,5,527,5.9,0,0,0,0,0,0,1,0,0.3,0.3,0.4,0.7,8,8,17,0,0,0,0,0,0.06,0.07,0.13,0.06,0.13,Matches,
136,Aaron Ramsdale,eng ENG,GK,Arsenal,25-306,1998,6,6,540,6,0,0,0,0,0,0,0,0,0,0,0,0,0,2,0,0,0,0,0,0,0,0,0,0,0,Matches,
137,Jesuran Rak Sakyi,eng ENG,"MF,FW",Crystal Palace,21-162,2002,6,0,136,1.5,0,0,0,0,0,0,0,0,0.4,0.4,0.2,0.6,7,2,18,0,0,0,0,0,0.28,0.1,0.38,0.28,0.38,Matches,
138,Ionu? Radu,ro ROU,GK,Bournemouth,26-292,1997,2,2,180,2,0,0,0,0,0,0,0,0,0,0,0,0,0,0,0,0,0,0,0,0,0,0,0,0,0,Matches,
139,Jarell Quansah,eng ENG,DF,Liverpool,21-046,2003,9,6,533,5.9,0,0,0,0,0,0,1,0,0.1,0.1,0,0.1,5,23,0,0,0,0,0,0,0.02,0,0.02,0.02,0.02,Matches,
140,Pedro Porro,es ESP,DF,Tottenham,24-184,1999,24,24,"2,156",24,0,7,7,0,0,0,3,0,2.2,2.2,6,8.2,35,121,106,0,0.29,0.29,0,0.29,0.09,0.25,0.34,0.09,0.34,Matches,
141,Nick Pope,eng ENG,GK,Newcastle Utd,31-331,1992,14,14,"1,255",13.9,0,0,0,0,0,0,0,0,0,0,0,0,0,0,0,0,0,0,0,0,0,0,0,0,0,Matches,
142,Ethan Pinnock,jm JAM,DF,Brentford,30-291,1993,23,23,"2,070",23,1,0,1,1,0,0,0,0,1.7,1.7,1,2.7,10,54,15,0.04,0,0.04,0.04,0.04,0.07,0.04,0.12,0.07,0.12,Matches,
143,Jordan Pickford,eng ENG,GK,Everton,30-008,1994,28,28,"2,520",28,0,0,0,0,0,0,4,0,0,0,0.1,0.1,1,5,0,0,0,0,0,0,0,0,0,0,0,Matches,
144,Jaden Philogene Bidace,eng ENG,FW,Aston Villa,22-036,2002,1,0,4,0,0,0,0,0,0,0,0,0,0,0,0,0,2,0,1,0,0,0,0,0,0,0,0,0,0,Matches,
145,Kalvin Phillips,eng ENG,MF,West Ham,28-104,1995,6,3,271,3,0,0,0,0,0,0,3,1,0.1,0.1,0,0.1,3,16,4,0,0,0,0,0,0.03,0,0.03,0.03,0.03,Matches,
146,Kalvin Phillips,eng ENG,MF,Manchester City,28-104,1995,4,0,93,1,0,0,0,0,0,0,0,0,0.1,0.1,0,0.1,7,7,3,0,0,0,0,0,0.07,0,0.07,0.07,0.07,Matches,
147,?or?e Petrovi?,rs SRB,GK,Chelsea,24-159,1999,12,11,997,11.1,0,0,0,0,0,0,2,0,0,0,0,0,0,0,0,0,0,0,0,0,0,0,0,0,0,Matches,
148,Ivan Periši?,hr CRO,FW,Tottenham,35-042,1989,5,0,103,1.1,0,1,1,0,0,0,2,0,0.1,0.1,0.9,1,15,9,17,0,0.87,0.87,0,0.87,0.1,0.75,0.85,0.1,0.85,Matches,
149,Andreas Pereira,br BRA,MF,Fulham,28-074,1996,28,25,"1,930",21.4,1,5,6,1,0,0,5,0,2,2,5.1,7.1,40,89,90,0.05,0.23,0.28,0.05,0.28,0.09,0.24,0.33,0.09,0.33,Matches,
150,Facundo Pellistri,uy URU,"FW,MF",Manchester Utd,22-086,2001,9,1,172,1.9,0,1,1,0,0,0,0,0,0.7,0.7,0.1,0.8,6,6,31,0,0.52,0.52,0,0.52,0.38,0.05,0.43,0.38,0.43,Matches,
151,Sydie Peck,eng ENG,MF,Sheffield Utd,19-184,2004,1,0,10,0.1,0,0,0,0,0,0,0,0,0,0,0,0,0,0,0,0,0,0,0,0,0,0,0,0,0,Matches,
152,Myles Peart-Harris,eng ENG,"DF,MF",Brentford,21-179,2002,3,0,13,0.1,0,0,0,0,0,0,0,0,0,0,0,0,2,1,1,0,0,0,0,0,0,0.12,0.12,0,0.12,Matches,
153,Nathan Patterson,sct SCO,DF,Everton,22-151,2001,19,9,961,10.7,0,2,2,0,0,0,4,0,0.3,0.3,1.7,2,17,37,32,0,0.19,0.19,0,0.19,0.03,0.16,0.19,0.03,0.19,Matches,
154,Thomas Partey,gh GHA,"DF,MF",Arsenal,30-276,1993,6,3,278,3.1,0,0,0,0,0,0,0,0,0.1,0.1,0.1,0.2,12,34,5,0,0,0,0,0,0.02,0.03,0.06,0.02,0.06,Matches,
155,Ben Parkinson,eng ENG,FW,Newcastle Utd,19-005,2005,1,0,25,0.3,0,0,0,0,0,0,0,0,0,0,0,0,0,0,0,0,0,0,0,0,0,0,0,0,0,Matches,
156,Lucas Paquetá,br BRA,"FW,MF",West Ham,26-201,1997,21,21,"1,756",19.5,3,5,8,2,1,1,7,0,3.9,3.1,3.7,6.8,25,129,84,0.15,0.26,0.41,0.1,0.36,0.2,0.19,0.39,0.16,0.35,Matches,
157,Emerson Palmieri,it ITA,DF,West Ham,29-225,1994,26,25,"2,271",25.2,1,2,3,1,0,0,7,0,1.1,1.1,2.2,3.3,43,89,88,0.04,0.08,0.12,0.04,0.12,0.04,0.09,0.13,0.04,0.13,Matches,
158,Cole Palmer,eng ENG,MF,Manchester City,21-314,2002,1,0,11,0.1,0,0,0,0,0,0,0,0,0,0,0,0,0,0,0,0,0,0,0,0,0,0,0,0,0,Matches,
159,Cole Palmer,eng ENG,"FW,MF",Chelsea,21-314,2002,23,19,"1,740",19.3,11,8,19,6,5,5,7,0,8.9,4.9,6.6,11.5,64,133,122,0.57,0.41,0.98,0.31,0.72,0.46,0.34,0.8,0.25,0.6,Matches,
160,João Palhinha,pt POR,MF,Fulham,28-250,1995,23,21,"1,870",20.8,3,1,4,3,0,0,11,0,2.1,2.1,0.3,2.4,7,61,9,0.14,0.05,0.19,0.14,0.19,0.1,0.02,0.12,0.1,0.12,Matches,
161,David Ozoh,eng ENG,MF,Crystal Palace,18-289,2005,8,0,135,1.5,0,0,0,0,0,0,1,0,0,0,0,0,2,3,3,0,0,0,0,0,0,0,0,0,0,Matches,
162,Dango Ouattara,bf BFA,"DF,FW",Bournemouth,22-033,2002,20,6,673,7.5,1,1,2,1,0,0,2,0,1.9,1.9,1,2.9,33,28,62,0.13,0.13,0.27,0.13,0.27,0.25,0.14,0.39,0.25,0.39,Matches,
163,William Osula,dk DEN,FW,Sheffield Utd,20-224,2003,18,9,730,8.1,0,0,0,0,0,0,4,0,1.6,1.6,0.1,1.7,6,2,37,0,0,0,0,0,0.2,0.01,0.2,0.2,0.2,Matches,
164,Gabriel Osho,ng NGA,DF,Luton Town,25-214,1998,16,16,"1,396",15.5,2,0,2,2,0,0,3,0,1,1,0.1,1.1,4,25,0,0.13,0,0.13,0.13,0.13,0.07,0,0.07,0.07,0.07,Matches,
165,Ben Osborn,eng ENG,"DF,MF",Sheffield Utd,29-223,1994,15,6,705,7.8,0,1,1,0,0,0,2,0,0.2,0.2,0.3,0.5,4,29,26,0,0.13,0.13,0,0.13,0.02,0.04,0.06,0.02,0.06,Matches,
166,Stefan Ortega,de GER,GK,Manchester City,31-130,1992,3,1,208,2.3,0,0,0,0,0,0,0,0,0,0,0,0,0,0,0,0,0,0,0,0,0,0,0,0,0,Matches,
167,Divock Origi,be BEL,FW,Nott'ham Forest,28-332,1995,14,4,398,4.4,0,1,1,0,0,0,1,0,0.7,0.7,1.8,2.4,11,10,22,0,0.23,0.23,0,0.23,0.15,0.4,0.55,0.15,0.55,Matches,
168,Frank Onyeka,ng NGA,MF,Brentford,26-074,1998,21,10,"1,083",12,0,2,2,0,0,0,8,0,1.9,1.9,1.8,3.7,15,32,38,0,0.17,0.17,0,0.17,0.16,0.15,0.31,0.16,0.31,Matches,
169,Tyler Onyango,eng ENG,MF,Everton,21-011,2003,1,0,1,0,0,0,0,0,0,0,0,0,0,0,0,0,0,0,0,0,0,0,0,0,0,0,0,0,0,Matches,
170,Ryan One,sct SCO,FW,Sheffield Utd,17-263,2006,1,0,8,0.1,0,0,0,0,0,0,0,0,0,0,0,0,1,0,0,0,0,0,0,0,0,0,0,0,0,Matches,
171,André Onana,cm CMR,GK,Manchester Utd,27-348,1996,28,28,"2,520",28,0,0,0,0,0,0,4,0,0,0,0.1,0.1,1,5,0,0,0,0,0,0,0,0.01,0.01,0,0.01,Matches,
172,Amadou Onana,be BEL,MF,Everton,22-212,2001,22,18,"1,663",18.5,2,0,2,2,0,0,4,0,1.8,1.8,2.5,4.3,18,88,34,0.11,0,0.11,0.11,0.11,0.1,0.14,0.23,0.1,0.23,Matches,
173,Andrew Omobamidele,ie IRL,DF,Nott'ham Forest,21-266,2002,7,5,496,5.5,0,0,0,0,0,0,2,0,0,0,0,0,1,6,0,0,0,0,0,0,0,0,0,0,0,Matches,
174,Robin Olsen,se SWE,GK,Aston Villa,34-067,1990,1,1,90,1,0,0,0,0,0,0,0,0,0,0,0,0,0,0,0,0,0,0,0,0,0,0,0,0,0,Matches,
175,Michael Olise,fr FRA,"FW,MF",Crystal Palace,22-094,2001,11,8,755,8.4,6,3,9,5,1,1,0,0,3.2,2.4,3.3,5.7,35,38,82,0.72,0.36,1.07,0.6,0.95,0.38,0.4,0.77,0.28,0.68,Matches,
176,Michael Olakigbe,eng ENG,"DF,FW",Brentford,19-325,2004,8,0,59,0.7,0,0,0,0,0,0,0,0,0.1,0.1,0,0.1,10,4,17,0,0,0,0,0,0.18,0,0.18,0.18,0.18,Matches,
177,Angelo Ogbonna,it ITA,DF,West Ham,35-297,1988,7,3,321,3.6,0,0,0,0,0,0,0,0,0,0,0,0,0,3,0,0,0,0,0,0,0,0,0,0,0,Matches,
178,Chiedozie Ogbene,ie IRL,"MF,DF",Luton Town,26-319,1997,27,18,"1,812",20.1,4,1,5,4,0,0,1,0,4.1,4.1,3,7.1,115,44,133,0.2,0.05,0.25,0.2,0.25,0.2,0.15,0.35,0.2,0.35,Matches,
179,Wilson Odobert,fr FRA,"MF,FW",Burnley,19-108,2004,19,15,"1,232",13.7,3,1,4,3,0,0,2,0,1.4,1.4,1.3,2.7,58,21,72,0.22,0.07,0.29,0.22,0.29,0.1,0.09,0.2,0.1,0.2,Matches,
180,Martin Ødegaard,no NOR,MF,Arsenal,25-089,1998,25,25,"2,208",24.5,6,6,12,4,2,2,2,0,5.6,4,6.2,10.1,66,241,145,0.24,0.24,0.49,0.16,0.41,0.23,0.25,0.48,0.16,0.41,Matches,
181,Michael Obafemi,ie IRL,"FW,MF",Burnley,23-253,2000,2,0,20,0.2,0,0,0,0,0,0,0,0,0.1,0.1,0,0.1,0,0,3,0,0,0,0,0,0.4,0,0.4,0.4,0.4,Matches,
182,Dara O'Shea,ie IRL,DF,Burnley,25-011,1999,24,23,"2,106",23.4,1,3,4,1,0,0,5,0,0.5,0.5,1.5,2,23,96,7,0.04,0.13,0.17,0.04,0.17,0.02,0.06,0.08,0.02,0.08,Matches,
183,Ethan Nwaneri,eng ENG,FW,Arsenal,16-360,2007,1,0,14,0.2,0,0,0,0,0,0,0,0,0,0,0,0,2,2,1,0,0,0,0,0,0,0.15,0.15,0,0.15,Matches,
184,Darwin Núñez,uy URU,FW,Liverpool,24-265,1999,26,17,"1,571",17.5,10,7,17,10,0,1,8,0,13.5,12.7,5.3,18,46,45,159,0.57,0.4,0.97,0.57,0.97,0.77,0.3,1.08,0.73,1.03,Matches,
185,Matheus Nunes,pt POR,MF,Wolves,25-201,1998,2,2,179,2,0,0,0,0,0,0,2,1,0.1,0.1,0.1,0.2,7,8,9,0,0,0,0,0,0.04,0.05,0.09,0.04,0.09,Matches,
186,Matheus Nunes,pt POR,"MF,FW",Manchester City,25-201,1998,11,6,505,5.6,0,2,2,0,0,0,0,0,0.4,0.4,1,1.4,21,24,47,0,0.36,0.36,0,0.36,0.06,0.18,0.25,0.06,0.25,Matches,
187,Oliver Norwood,nir NIR,MF,Sheffield Utd,32-338,1991,24,16,"1,408",15.6,1,0,1,0,1,1,7,0,1.1,0.3,0.6,0.9,3,69,9,0.06,0,0.06,0,0,0.07,0.04,0.11,0.02,0.06,Matches,
188,Rhys Norrington-Davies,wls WAL,DF,Sheffield Utd,24-328,1999,5,2,110,1.2,0,0,0,0,0,0,1,0,0,0,0,0,3,2,6,0,0,0,0,0,0,0.01,0.01,0,0.01,Matches,
189,Christian Nørgaard,dk DEN,MF,Brentford,30-005,1994,26,26,"2,175",24.2,2,1,3,2,0,0,8,0,3.4,3.4,1.7,5.1,11,146,39,0.08,0.04,0.12,0.08,0.12,0.14,0.07,0.21,0.14,0.21,Matches,
190,Christopher Nkunku,fr FRA,"FW,MF",Chelsea,26-122,1997,7,2,319,3.5,2,0,2,2,0,0,0,0,1.7,1.7,0.1,1.9,7,9,28,0.56,0,0.56,0.56,0.56,0.49,0.04,0.53,0.49,0.53,Matches,
191,Eddie Nketiah,eng ENG,FW,Arsenal,24-290,1999,24,10,"1,052",11.7,5,2,7,5,0,0,3,0,4.4,4.4,0.8,5.2,21,19,73,0.43,0.17,0.6,0.43,0.6,0.38,0.07,0.45,0.38,0.45,Matches,
192,Moussa Niakhate,sn SEN,DF,Nott'ham Forest,28-007,1996,16,12,"1,160",12.9,1,0,1,1,0,0,4,1,1.1,1.1,0.1,1.2,12,30,6,0.08,0,0.08,0.08,0.08,0.08,0.01,0.09,0.08,0.09,Matches,
193,Neto,br BRA,GK,Bournemouth,34-240,1989,26,26,"2,340",26,0,0,0,0,0,0,4,0,0,0,0,0,0,0,0,0,0,0,0,0,0,0,0,0,0,Matches,
194,Pedro Neto,pt POR,"FW,MF",Wolves,24-006,2000,19,18,"1,503",16.7,2,9,11,2,0,0,4,0,3.4,3.4,4.4,7.9,97,54,148,0.12,0.54,0.66,0.12,0.66,0.21,0.27,0.47,0.21,0.47,Matches,
195,Zack Nelson,eng ENG,MF,Luton Town,19-173,2004,1,0,4,0,0,0,0,0,0,0,0,0,0,0,0,0,0,0,0,0,0,0,0,0,0,0,0,0,0,Matches,
196,Reiss Nelson,eng ENG,"FW,MF",Arsenal,24-096,1999,14,0,194,2.2,0,0,0,0,0,0,1,0,0.1,0.1,0.6,0.7,8,3,19,0,0,0,0,0,0.05,0.26,0.31,0.05,0.31,Matches,
197,Michael Ndiweni,eng ENG,FW,Newcastle Utd,20-104,2003,1,0,1,0,0,0,0,0,0,0,0,0,0,0,0,0,0,0,0,0,0,0,0,0,0,0,0,0,0,Matches,
198,Marvelous Nakamba,zw ZIM,MF,Luton Town,30-056,1994,13,13,"1,130",12.6,0,0,0,0,0,0,5,0,0.2,0.2,0.4,0.6,1,36,5,0,0,0,0,0,0.01,0.03,0.05,0.01,0.05,Matches,
199,Vitaliy Mykolenko,ua UKR,DF,Everton,24-291,1999,23,23,"2,064",22.9,2,0,2,2,0,0,1,0,1.5,1.5,0.7,2.2,12,46,59,0.09,0,0.09,0.09,0.09,0.06,0.03,0.1,0.06,0.1,Matches,
200,Jacob Murphy,eng ENG,FW,Newcastle Utd,29-020,1995,11,4,476,5.3,2,3,5,2,0,0,1,0,0.9,0.9,2.1,3.1,18,23,39,0.38,0.57,0.95,0.38,0.95,0.18,0.4,0.58,0.18,0.58,Matches,
201,Alex Murphy,ie IRL,"FW,DF",Newcastle Utd,19-264,2004,1,0,4,0,0,0,0,0,0,0,0,0,0,0,0,0,0,0,0,0,0,0,0,0,0,0,0,0,0,Matches,
202,Murillo,br BRA,DF,Nott'ham Forest,21-255,2002,22,22,"1,906",21.2,0,1,1,0,0,0,3,0,1.1,1.1,1.2,2.2,18,71,7,0,0.05,0.05,0,0.05,0.05,0.05,0.1,0.05,0.1,Matches,
203,Daniel Muñoz,co COL,"DF,MF",Crystal Palace,27-294,1996,6,6,540,6,0,1,1,0,0,0,3,0,0.6,0.6,0.5,1.2,6,13,28,0,0.17,0.17,0,0.17,0.11,0.09,0.19,0.11,0.19,Matches,
204,Rodrigo Muniz,br BRA,FW,Fulham,22-316,2001,16,9,873,9.7,5,1,6,5,0,0,1,0,3.8,3.8,1.6,5.4,3,9,38,0.52,0.1,0.62,0.52,0.62,0.39,0.17,0.56,0.39,0.56,Matches,
205,Mykhailo Mudryk,ua UKR,"FW,MF",Chelsea,23-070,2001,21,9,911,10.1,4,2,6,4,0,0,3,0,2.8,2.8,1.8,4.6,58,27,92,0.4,0.2,0.59,0.4,0.59,0.28,0.18,0.46,0.28,0.46,Matches,
206,Divin Mubama,eng ENG,FW,West Ham,19-142,2004,5,0,80,0.9,0,0,0,0,0,0,0,0,0.1,0.1,0,0.1,0,0,5,0,0,0,0,0,0.17,0,0.17,0.17,0.17,Matches,
207,Mason Mount,eng ENG,MF,Manchester Utd,25-065,1999,8,4,400,4.4,0,0,0,0,0,0,1,0,0.2,0.2,0.2,0.4,6,15,26,0,0,0,0,0,0.05,0.04,0.09,0.05,0.09,Matches,
208,Carlton Morris,eng ENG,"FW,MF",Luton Town,28-090,1995,28,22,"1,962",21.8,8,4,12,4,4,4,2,0,8.5,5.4,2.7,8.1,26,43,88,0.37,0.18,0.55,0.18,0.37,0.39,0.12,0.51,0.25,0.37,Matches,
209,Álex Moreno,es ESP,DF,Aston Villa,30-281,1993,15,9,874,9.7,2,0,2,2,0,0,2,0,1.1,1.1,1.1,2.2,28,18,72,0.21,0,0.21,0.21,0.21,0.11,0.12,0.23,0.11,0.23,Matches,
210,Kieffer Moore,wls WAL,"FW,MF",Bournemouth,31-220,1992,8,0,108,1.2,1,0,1,1,0,0,0,0,1.5,1.5,0.2,1.7,2,4,15,0.83,0,0.83,0.83,0.83,1.23,0.2,1.44,1.23,1.44,Matches,
211,Gonzalo Montiel,ar ARG,DF,Nott'ham Forest,27-074,1997,9,5,498,5.5,0,2,2,0,0,0,4,0,0.1,0.1,0.6,0.7,6,20,20,0,0.36,0.36,0,0.36,0.02,0.11,0.12,0.02,0.12,Matches,
212,Kudus Mohammed,gh GHA,"FW,MF",West Ham,23-226,2000,23,17,"1,590",17.7,6,3,9,6,0,0,5,0,3.3,3.3,2.1,5.4,75,60,142,0.34,0.17,0.51,0.34,0.51,0.19,0.12,0.3,0.19,0.3,Matches,
213,Jakub Moder,pl POL,"MF,DF",Brighton,24-343,1999,9,1,221,2.5,0,0,0,0,0,0,2,0,0.3,0.3,0.1,0.4,4,5,11,0,0,0,0,0,0.13,0.05,0.17,0.13,0.17,Matches,
214,Aleksandar Mitrovi?,rs SRB,FW,Fulham,29-181,1994,1,0,33,0.4,0,0,0,0,0,0,0,0,0.2,0.2,0,0.2,0,1,0,0,0,0,0,0,0.44,0,0.44,0.44,0.44,Matches,
215,Kaoru Mitoma,jp JPN,FW,Brighton,26-300,1997,19,15,"1,486",16.5,3,4,7,3,0,0,4,0,3.5,3.5,2.7,6.2,121,64,239,0.18,0.24,0.42,0.18,0.42,0.21,0.16,0.37,0.21,0.37,Matches,
216,Tyrick Mitchell,eng ENG,DF,Crystal Palace,24-196,1999,27,27,"2,347",26.1,1,2,3,1,0,0,5,0,0.7,0.7,1.6,2.4,15,70,104,0.04,0.08,0.12,0.04,0.12,0.03,0.06,0.09,0.03,0.09,Matches,
217,Tyrone Mings,eng ENG,DF,Aston Villa,31-002,1993,1,1,30,0.3,0,0,0,0,0,0,0,0,0,0,0,0,0,0,0,0,0,0,0,0,0.02,0.07,0.09,0.02,0.09,Matches,
218,James Milner,eng ENG,"DF,MF",Brighton,38-071,1986,15,11,773,8.6,0,2,2,0,0,0,3,0,0.3,0.3,1.8,2,11,69,73,0,0.23,0.23,0,0.23,0.03,0.21,0.24,0.03,0.24,Matches,
219,Lewis Miley,eng ENG,MF,Newcastle Utd,17-319,2006,17,14,"1,202",13.4,1,3,4,1,0,0,1,0,1.2,1.2,1.7,2.9,14,53,54,0.07,0.22,0.3,0.07,0.3,0.09,0.13,0.22,0.09,0.22,Matches,
220,Chris Mepham,wls WAL,DF,Bournemouth,26-131,1997,9,5,527,5.9,0,1,1,0,0,0,2,0,0.1,0.1,0.4,0.5,4,25,0,0,0.17,0.17,0,0.17,0.02,0.07,0.08,0.02,0.08,Matches,
221,Teden Mengi,eng ENG,DF,Luton Town,21-320,2002,21,19,"1,733",19.3,1,0,1,1,0,0,2,0,0.4,0.4,0.2,0.6,6,38,1,0.05,0,0.05,0.05,0.05,0.02,0.01,0.03,0.02,0.03,Matches,
222,Hannibal Mejbri,tn TUN,"MF,FW",Manchester Utd,21-054,2003,5,1,133,1.5,1,0,1,1,0,0,1,0,0,0,0.4,0.4,2,6,10,0.68,0,0.68,0.68,0.68,0.02,0.25,0.27,0.02,0.27,Matches,
223,Ben Mee,eng ENG,DF,Brentford,34-176,1989,16,15,"1,272",14.1,2,0,2,2,0,0,1,1,1.5,1.5,0.3,1.8,11,49,9,0.14,0,0.14,0.14,0.14,0.1,0.02,0.13,0.1,0.13,Matches,
224,Scott McTominay,sct SCO,"MF,FW",Manchester Utd,27-098,1996,25,14,"1,473",16.4,7,1,8,7,0,0,1,0,5.1,5.1,0.7,5.8,19,52,36,0.43,0.06,0.49,0.43,0.49,0.31,0.04,0.35,0.31,0.35,Matches,
225,Dwight McNeil,eng ENG,"MF,FW",Everton,24-114,1999,25,23,"2,014",22.4,2,5,7,2,0,0,1,0,2.8,2.8,7,9.8,63,84,96,0.09,0.22,0.31,0.09,0.31,0.13,0.31,0.44,0.13,0.44,Matches,
226,Scott McKenna,sct SCO,DF,Nott'ham Forest,27-124,1996,5,5,416,4.6,0,0,0,0,0,0,0,0,0.2,0.2,0.2,0.4,1,10,0,0,0,0,0,0,0.05,0.04,0.08,0.05,0.08,Matches,
227,John McGinn,sct SCO,"MF,FW",Aston Villa,29-149,1994,28,28,"2,373",26.4,6,3,9,6,0,0,7,1,4.3,4.3,3.9,8.2,49,166,71,0.23,0.11,0.34,0.23,0.34,0.16,0.15,0.31,0.16,0.31,Matches,
228,James McConnell,eng ENG,MF,Liverpool,19-184,2004,3,0,4,0,0,0,0,0,0,0,0,0,0,0,0,0,0,1,0,0,0,0,0,0,0,0,0,0,0,Matches,
229,Oliver McBurnie,sct SCO,FW,Sheffield Utd,27-285,1996,16,11,906,10.1,4,2,6,2,2,2,6,2,4.2,2.6,1.1,3.8,2,25,42,0.4,0.2,0.6,0.2,0.4,0.42,0.11,0.53,0.26,0.38,Matches,
230,James Mcatee,eng ENG,"MF,FW",Sheffield Utd,21-149,2002,23,18,"1,570",17.4,3,2,5,2,1,1,2,0,2.4,1.7,1.9,3.6,51,46,91,0.17,0.11,0.29,0.11,0.23,0.14,0.11,0.25,0.1,0.21,Matches,
231,James Mcatee,eng ENG,MF,Manchester City,21-149,2002,1,0,1,0,0,0,0,0,0,0,0,0,0,0,0,0,0,0,0,0,0,0,0,0,0,0,0,0,0,Matches,
232,Bryan Mbeumo,cm CMR,FW,Brentford,24-221,1999,15,15,"1,286",14.3,7,3,10,4,3,3,1,0,8.5,6.2,2.7,8.9,49,65,131,0.49,0.21,0.7,0.28,0.49,0.6,0.19,0.79,0.43,0.62,Matches,
233,Konstantinos Mavropanos,gr GRE,DF,West Ham,26-095,1997,13,10,991,11,1,0,1,1,0,0,1,0,0.8,0.8,0.2,0.9,7,20,1,0.09,0,0.09,0.09,0.09,0.07,0.02,0.09,0.07,0.09,Matches,
234,Neal Maupay,fr FRA,FW,Brentford,27-214,1996,23,12,"1,197",13.3,6,3,9,6,0,0,5,0,5.3,5.3,2.3,7.6,20,34,85,0.45,0.23,0.68,0.45,0.68,0.4,0.17,0.57,0.4,0.57,Matches,
235,Neal Maupay,fr FRA,FW,Everton,27-214,1996,2,1,111,1.2,0,0,0,0,0,0,0,0,1.4,1.4,0.1,1.5,1,0,6,0,0,0,0,0,1.16,0.05,1.22,1.16,1.22,Matches,
236,Remi Matthews,eng ENG,GK,Crystal Palace,30-034,1994,1,0,4,0,0,0,0,0,0,0,0,0,0,0,0,0,0,0,0,0,0,0,0,0,0,0,0,0,0,Matches,
237,Alex Matos,eng ENG,MF,Chelsea,19-164,2004,1,0,1,0,0,0,0,0,0,0,0,0,0,0,0,0,0,0,0,0,0,0,0,0,0,0,0,0,0,Matches,
238,Joël Matip,cm CMR,DF,Liverpool,32-220,1991,10,9,781,8.7,0,0,0,0,0,0,2,0,0.5,0.5,0.1,0.6,8,34,1,0,0,0,0,0,0.06,0.01,0.06,0.06,0.06,Matches,
239,Jean-Philippe Mateta,fr FRA,FW,Crystal Palace,26-261,1997,25,15,"1,505",16.7,5,4,9,3,2,2,2,0,5,3.4,2.5,5.9,20,17,86,0.3,0.24,0.54,0.18,0.42,0.3,0.15,0.45,0.21,0.36,Matches,
240,Pape Matar Sarr,sn SEN,MF,Tottenham,21-183,2002,23,19,"1,420",15.8,3,3,6,3,0,0,6,0,2.6,2.6,2,4.6,31,111,61,0.19,0.19,0.38,0.19,0.38,0.16,0.13,0.29,0.16,0.29,Matches,
241,Han-Noah Massengo,fr FRA,"MF,DF",Burnley,22-252,2001,3,0,16,0.2,0,0,0,0,0,0,0,0,0,0,0,0,2,0,0,0,0,0,0,0,0,0,0,0,0,Matches,
242,Lisandro Martínez,ar ARG,DF,Manchester Utd,26-057,1998,8,7,558,6.2,0,1,1,0,0,0,3,0,0,0,0.1,0.1,8,28,1,0,0.16,0.16,0,0.16,0,0.01,0.01,0,0.01,Matches,
243,Emiliano Martínez,ar ARG,GK,Aston Villa,31-195,1992,27,27,"2,430",27,0,0,0,0,0,0,4,0,0,0,0,0,0,2,0,0,0,0,0,0,0,0,0,0,0,Matches,
244,Gabriel Martinelli,br BRA,FW,Arsenal,22-271,2001,25,23,"1,749",19.4,6,4,10,6,0,0,1,0,5.6,5.6,5.2,10.8,109,59,303,0.31,0.21,0.51,0.31,0.51,0.29,0.27,0.56,0.29,0.56,Matches,
245,Anthony Martial,fr FRA,FW,Manchester Utd,28-101,1995,13,5,448,5,1,0,1,1,0,0,0,0,1.2,1.2,0.2,1.5,6,12,36,0.2,0,0.2,0.2,0.2,0.25,0.05,0.29,0.25,0.29,Matches,
246,Solly March,eng ENG,"FW,DF",Brighton,29-239,1994,7,7,554,6.2,3,1,4,3,0,0,1,0,2,2,1,2.9,14,24,44,0.49,0.16,0.65,0.49,0.65,0.32,0.16,0.47,0.32,0.47,Matches,
247,Benson Manuel,be BEL,"MF,FW",Burnley,26-353,1997,6,1,92,1,0,0,0,0,0,0,0,0,0,0,0,0.1,5,0,13,0,0,0,0,0,0.04,0.04,0.08,0.04,0.08,Matches,
248,Orel Mangala,be BEL,MF,Nott'ham Forest,25-363,1998,20,19,"1,563",17.4,1,0,1,1,0,0,6,0,0.8,0.8,0.2,1.1,13,45,14,0.06,0,0.06,0.06,0.06,0.05,0.01,0.06,0.05,0.06,Matches,
249,Kobbie Mainoo,eng ENG,MF,Manchester Utd,18-331,2005,14,14,"1,106",12.3,1,0,1,1,0,0,3,0,0.2,0.2,0.4,0.6,10,33,14,0.08,0,0.08,0.08,0.08,0.02,0.03,0.05,0.02,0.05,Matches,
250,Harry Maguire,eng ENG,DF,Manchester Utd,31-010,1993,16,13,"1,158",12.9,1,2,3,1,0,0,3,0,1.7,1.7,1.2,3,12,54,1,0.08,0.16,0.23,0.08,0.23,0.13,0.1,0.23,0.13,0.23,Matches,
251,Noni Madueke,eng ENG,FW,Chelsea,22-005,2002,12,4,349,3.9,2,0,2,1,1,1,1,0,1.2,0.4,0.6,1,29,16,54,0.52,0,0.52,0.26,0.26,0.3,0.15,0.46,0.1,0.25,Matches,
252,James Maddison,eng ENG,MF,Tottenham,27-113,1996,17,17,"1,395",15.5,4,7,11,4,0,0,3,0,4,4,3.8,7.9,41,147,98,0.26,0.45,0.71,0.26,0.71,0.26,0.25,0.51,0.26,0.51,Matches,
253,Alexis Mac Allister,ar ARG,MF,Liverpool,25-082,1998,23,22,"1,809",20.1,3,4,7,2,1,1,5,1,2,1.2,2,3.3,25,132,24,0.15,0.2,0.35,0.1,0.3,0.1,0.1,0.2,0.06,0.16,Matches,
254,Ian Maatsen,nl NED,"FW,MF",Chelsea,22-005,2002,12,1,209,2.3,0,0,0,0,0,0,1,0,0.8,0.8,0.1,0.9,9,8,15,0,0,0,0,0,0.35,0.04,0.39,0.35,0.39,Matches,
255,Saša Luki?,rs SRB,MF,Fulham,27-215,1996,16,7,644,7.2,0,0,0,0,0,0,2,0,0.8,0.8,0.3,1.2,5,25,12,0,0,0,0,0,0.12,0.05,0.16,0.12,0.16,Matches,
256,Douglas Luiz,br BRA,MF,Aston Villa,25-311,1998,27,27,"2,328",25.9,9,5,14,5,4,4,7,0,6.6,3.5,4.2,7.6,50,145,42,0.35,0.19,0.54,0.19,0.39,0.26,0.16,0.42,0.13,0.29,Matches,
257,Max Lowe,eng ENG,"DF,MF",Sheffield Utd,26-309,1997,8,3,399,4.4,0,0,0,0,0,0,1,0,0.6,0.6,0.7,1.3,4,9,7,0,0,0,0,0,0.13,0.16,0.29,0.13,0.29,Matches,
258,Sean Longstaff,eng ENG,MF,Newcastle Utd,26-137,1997,25,20,"1,899",21.1,4,2,6,4,0,0,5,0,3.6,3.6,1.7,5.2,14,99,82,0.19,0.09,0.28,0.19,0.28,0.17,0.08,0.25,0.17,0.25,Matches,
259,Tom Lockyer,wls WAL,DF,Luton Town,29-103,1994,14,14,"1,169",13,1,1,2,1,0,0,4,0,1.1,1.1,0.6,1.7,6,37,2,0.08,0.08,0.15,0.08,0.15,0.08,0.05,0.13,0.08,0.13,Matches,
260,Giovani Lo Celso,ar ARG,MF,Tottenham,27-341,1996,12,4,420,4.7,2,2,4,2,0,0,1,0,0.4,0.4,0.9,1.3,21,51,22,0.43,0.43,0.86,0.43,0.86,0.09,0.19,0.28,0.09,0.28,Matches,
261,Valentino Livramento,eng ENG,DF,Newcastle Utd,21-124,2002,21,8,975,10.8,1,0,1,1,0,0,1,0,0.3,0.3,0.4,0.7,32,34,53,0.09,0,0.09,0.09,0.09,0.02,0.04,0.06,0.02,0.06,Matches,
262,Victor Lindelöf,se SWE,DF,Manchester Utd,29-242,1994,18,13,"1,260",14,1,1,2,1,0,0,2,0,0.8,0.8,0.3,1.1,16,36,17,0.07,0.07,0.14,0.07,0.14,0.05,0.02,0.08,0.05,0.08,Matches,
263,Keane Lewis-Potter,eng ENG,"FW,DF",Brentford,23-022,2001,21,10,"1,004",11.2,2,1,3,2,0,0,0,0,3.2,3.2,1,4.2,35,24,98,0.18,0.09,0.27,0.18,0.27,0.29,0.09,0.37,0.29,0.37,Matches,
264,Rico Lewis,eng ENG,"MF,DF",Manchester City,19-115,2004,10,5,454,5,1,0,1,1,0,0,1,0,0.3,0.3,0.5,0.8,6,12,17,0.2,0,0.2,0.2,0.2,0.06,0.09,0.15,0.06,0.15,Matches,
265,Jefferson Lerma,co COL,MF,Crystal Palace,29-142,1994,23,23,"2,025",22.5,1,1,2,1,0,0,7,0,2.6,2.6,2.2,4.7,13,91,48,0.04,0.04,0.09,0.04,0.09,0.12,0.1,0.21,0.12,0.21,Matches,
266,Bernd Leno,de GER,GK,Fulham,32-011,1992,28,28,"2,520",28,0,0,0,0,0,0,3,0,0,0,0,0,0,0,0,0,0,0,0,0,0,0,0,0,0,Matches,
267,Clément Lenglet,fr FRA,DF,Aston Villa,28-272,1995,11,11,928,10.3,0,1,1,0,0,0,2,0,0.8,0.8,0.8,1.5,26,49,1,0,0.1,0.1,0,0.1,0.08,0.07,0.15,0.08,0.15,Matches,
268,Mario Lemina,ga GAB,MF,Wolves,30-196,1993,25,25,"2,179",24.2,4,0,4,4,0,0,10,1,4.1,4.1,0.8,4.8,25,58,39,0.17,0,0.17,0.17,0.17,0.17,0.03,0.2,0.17,0.2,Matches,
269,Roméo Lavia,be BEL,MF,Chelsea,20-069,2004,1,0,33,0.4,0,0,0,0,0,0,0,0,0,0,0,0,0,1,0,0,0,0,0,0,0,0,0,0,0,Matches,
270,Jamaal Lascelles,eng ENG,DF,Newcastle Utd,30-125,1993,15,12,"1,064",11.8,1,0,1,1,0,0,4,0,0.7,0.7,0.1,0.8,8,31,3,0.08,0,0.08,0.08,0.08,0.06,0.01,0.07,0.06,0.07,Matches,
271,Yasser Larouci,dz ALG,DF,Sheffield Utd,23-074,2001,9,4,421,4.7,0,0,0,0,0,0,1,0,0.2,0.2,0.3,0.4,14,12,9,0,0,0,0,0,0.04,0.05,0.09,0.04,0.09,Matches,
272,Aymeric Laporte,es ESP,DF,Manchester City,29-293,1994,1,0,12,0.1,0,0,0,0,0,0,0,0,0,0,0,0,0,0,0,0,0,0,0,0,0.27,0,0.27,0.27,0.27,Matches,
273,Tariq Lamptey,gh GHA,"DF,FW",Brighton,23-167,2000,13,7,593,6.6,0,3,3,0,0,0,3,0,0.4,0.4,0.6,1,26,14,47,0,0.46,0.46,0,0.46,0.06,0.09,0.15,0.06,0.15,Matches,
274,Adam Lallana,eng ENG,MF,Brighton,35-310,1988,20,10,664,7.4,0,1,1,0,0,0,2,0,0.3,0.3,1.6,1.9,6,29,44,0,0.14,0.14,0,0.14,0.04,0.21,0.25,0.04,0.25,Matches,
275,Dejan Kulusevski,se SWE,"FW,MF",Tottenham,23-325,2000,25,24,"2,118",23.5,6,3,9,6,0,0,6,0,3.5,3.5,6,9.5,125,114,294,0.25,0.13,0.38,0.25,0.38,0.15,0.26,0.4,0.15,0.4,Matches,
276,Emil Krafth,se SWE,DF,Newcastle Utd,29-226,1994,7,0,108,1.2,0,0,0,0,0,0,0,0,0.1,0.1,0.5,0.6,3,12,17,0,0,0,0,0,0.05,0.42,0.47,0.05,0.47,Matches,
277,Mateo Kova?i?,hr CRO,MF,Manchester City,29-314,1994,20,10,971,10.8,0,0,0,0,0,0,3,0,0.8,0.8,1.2,1.9,28,70,27,0,0,0,0,0,0.07,0.11,0.18,0.07,0.18,Matches,
278,Cheikhou Kouyaté,sn SEN,MF,Nott'ham Forest,34-085,1989,11,2,209,2.3,0,0,0,0,0,0,2,0,0.3,0.3,0,0.3,0,5,5,0,0,0,0,0,0.12,0.02,0.14,0.12,0.14,Matches,
279,Ezri Konsa,eng ENG,DF,Aston Villa,26-144,1997,25,25,"2,170",24.1,0,0,0,0,0,0,5,0,1.9,1.9,0.4,2.3,26,98,21,0,0,0,0,0,0.08,0.02,0.1,0.08,0.1,Matches,
280,Ibrahima Konaté,fr FRA,DF,Liverpool,24-295,1999,19,14,"1,332",14.8,0,0,0,0,0,0,5,1,0.4,0.4,0.4,0.9,22,101,3,0,0,0,0,0,0.03,0.03,0.06,0.03,0.06,Matches,
281,Luca Koleosho,it ITA,"MF,FW",Burnley,19-182,2004,15,13,974,10.8,1,1,2,1,0,0,0,0,2,2,1.3,3.3,53,19,82,0.09,0.09,0.18,0.09,0.18,0.18,0.12,0.3,0.18,0.3,Matches,
282,Justin Kluivert,nl NED,"MF,FW",Bournemouth,24-315,1999,22,17,"1,224",13.6,4,0,4,4,0,0,4,0,3.6,3.6,1.5,5.1,38,32,79,0.29,0,0.29,0.29,0.29,0.26,0.11,0.37,0.26,0.37,Matches,
283,Jakub Kiwior,pl POL,DF,Arsenal,24-029,2000,16,9,788,8.8,1,3,4,1,0,0,1,0,0.8,0.8,0.8,1.7,4,48,13,0.11,0.34,0.46,0.11,0.46,0.09,0.1,0.19,0.09,0.19,Matches,
284,Max Kilman,eng ENG,DF,Wolves,26-297,1997,28,28,"2,520",28,2,0,2,2,0,0,5,0,1.6,1.6,0.7,2.4,21,93,3,0.07,0,0.07,0.07,0.07,0.06,0.03,0.08,0.06,0.08,Matches,
285,Milos Kerkez,hu HUN,DF,Bournemouth,20-129,2003,21,16,"1,447",16.1,0,1,1,0,0,0,3,0,0.4,0.4,0.3,0.7,29,31,70,0,0.06,0.06,0,0.06,0.02,0.02,0.04,0.02,0.04,Matches,
286,Lloyd Kelly,eng ENG,DF,Bournemouth,25-161,1998,14,12,"1,012",11.2,0,0,0,0,0,0,1,0,0.1,0.1,0.2,0.4,12,37,15,0,0,0,0,0,0.01,0.02,0.03,0.01,0.03,Matches,
287,Caoimhín Kelleher,ie IRL,GK,Liverpool,25-113,1998,7,7,630,7,0,0,0,0,0,0,0,0,0,0,0,0,0,1,0,0,0,0,0,0,0,0,0,0,0,Matches,
288,Thilo Kehrer,de GER,"DF,MF",West Ham,27-176,1996,4,0,22,0.2,0,0,0,0,0,0,2,0,0,0,0,0,0,1,1,0,0,0,0,0,0,0,0,0,0,Matches,
289,Michael Keane,eng ENG,DF,Everton,31-064,1993,7,4,404,4.5,1,0,1,1,0,0,1,0,0.7,0.7,0,0.7,3,10,2,0.22,0,0.22,0.22,0.22,0.15,0,0.15,0.15,0.15,Matches,
290,Loris Karius,de GER,GK,Newcastle Utd,30-267,1993,1,1,90,1,0,0,0,0,0,0,0,0,0,0,0,0,0,0,0,0,0,0,0,0,0,0,0,0,0,Matches,
291,Thomas Kaminski,be BEL,GK,Luton Town,31-144,1992,28,28,"2,520",28,0,0,0,0,0,0,3,0,0,0,0,0,0,1,0,0,0,0,0,0,0,0,0,0,0,Matches,
292,Willy Kambwala,fr FRA,DF,Manchester Utd,19-203,2004,4,1,109,1.2,0,0,0,0,0,0,0,0,0,0,0,0,2,5,1,0,0,0,0,0,0,0,0,0,0,Matches,
293,Boubacar Kamara,fr FRA,MF,Aston Villa,24-113,1999,20,20,"1,652",18.4,0,1,1,0,0,0,7,1,0.1,0.1,1.3,1.4,19,83,10,0,0.05,0.05,0,0.05,0.01,0.07,0.08,0.01,0.08,Matches,
294,Sasa Kalajdzic,at AUT,FW,Wolves,26-252,1997,11,1,166,1.8,2,0,2,2,0,0,0,0,1.1,1.1,1,2,1,5,9,1.08,0,1.08,1.08,1.08,0.57,0.52,1.09,0.57,1.09,Matches,
295,Issa Kaboré,bf BFA,DF,Luton Town,22-308,2001,19,16,"1,335",14.8,0,2,2,0,0,0,6,0,0.2,0.2,1.9,2.1,50,44,67,0,0.13,0.13,0,0.13,0.01,0.13,0.14,0.01,0.14,Matches,
296,Hamed Junior Traorè,ci CIV,MF,Bournemouth,24-028,2000,3,0,47,0.5,0,0,0,0,0,0,0,0,0.2,0.2,0,0.2,2,3,4,0,0,0,0,0,0.34,0.07,0.41,0.34,0.41,Matches,
297,Mads Juel Andersen,dk DEN,DF,Luton Town,26-079,1997,8,4,400,4.4,1,0,1,1,0,0,1,0,0.3,0.3,0,0.3,0,7,1,0.23,0,0.23,0.23,0.23,0.06,0,0.06,0.06,0.06,Matches,
298,Diogo Jota,pt POR,FW,Liverpool,27-102,1996,19,13,"1,047",11.6,9,3,12,9,0,0,3,1,4.4,4.4,2.9,7.3,48,31,99,0.77,0.26,1.03,0.77,1.03,0.38,0.25,0.63,0.38,0.63,Matches,
299,Jorginho,it ITA,MF,Arsenal,32-086,1991,18,8,728,8.1,0,1,1,0,0,0,1,0,0.1,0.1,0.9,1,7,87,6,0,0.12,0.12,0,0.12,0.01,0.11,0.12,0.01,0.12,Matches,
300,Mathias Jørgensen,dk DEN,DF,Brentford,33-327,1990,8,6,547,6.1,0,0,0,0,0,0,3,0,0.2,0.2,0.5,0.7,3,33,1,0,0,0,0,0,0.03,0.09,0.11,0.03,0.11,Matches,
301,Curtis Jones,eng ENG,MF,Liverpool,23-045,2001,17,12,956,10.6,1,1,2,1,0,0,1,1,1.8,1.8,0.5,2.3,27,59,64,0.09,0.09,0.19,0.09,0.19,0.17,0.05,0.22,0.17,0.22,Matches,
302,Sam Johnstone,eng ENG,GK,Crystal Palace,30-356,1993,20,20,"1,796",20,0,0,0,0,0,0,1,0,0,0,0,0,0,0,0,0,0,0,0,0,0,0,0,0,0,Matches,
303,Brennan Johnson,wls WAL,FW,Tottenham,22-297,2001,21,14,"1,197",13.3,4,6,10,4,0,0,1,0,5,5,3.7,8.7,54,42,149,0.3,0.45,0.75,0.3,0.75,0.38,0.28,0.66,0.38,0.66,Matches,
304,Brennan Johnson,wls WAL,"FW,MF",Nott'ham Forest,22-297,2001,3,3,237,2.6,0,0,0,0,0,0,0,0,0.3,0.3,0.2,0.5,8,1,14,0,0,0,0,0,0.12,0.08,0.21,0.12,0.21,Matches,
305,Ben Johnson,eng ENG,"DF,FW",West Ham,24-051,2000,9,4,399,4.4,0,0,0,0,0,0,1,0,0.2,0.2,0,0.2,10,12,21,0,0,0,0,0,0.03,0,0.03,0.03,0.03,Matches,
306,Ryan John Giles,eng ENG,"DF,MF",Luton Town,24-049,2000,11,5,503,5.6,0,0,0,0,0,0,0,0,0.1,0.1,0.2,0.3,9,17,30,0,0,0,0,0,0.02,0.04,0.06,0.02,0.06,Matches,
307,Joelinton,br BRA,"MF,FW",Newcastle Utd,27-214,1996,16,14,"1,133",12.6,2,1,3,2,0,0,5,0,2.3,2.3,2,4.3,21,47,58,0.16,0.08,0.24,0.16,0.24,0.18,0.16,0.34,0.18,0.34,Matches,
308,João Pedro,br BRA,"FW,MF",Brighton,22-171,2001,23,12,"1,392",15.5,8,2,10,4,4,4,2,0,8.4,5.2,2.3,7.5,54,64,152,0.52,0.13,0.65,0.26,0.39,0.54,0.15,0.69,0.34,0.49,Matches,
309,Raúl Jiménez,mx MEX,FW,Fulham,32-315,1991,19,17,"1,240",13.8,5,0,5,5,0,0,3,1,4.5,4.5,1.3,5.8,9,16,73,0.36,0,0.36,0.36,0.36,0.32,0.1,0.42,0.32,0.42,Matches,
310,Gabriel Jesus,br BRA,FW,Arsenal,26-347,1997,19,13,"1,141",12.7,4,3,7,4,0,0,5,0,5.4,5.4,2.6,8,28,36,116,0.32,0.24,0.55,0.32,0.55,0.42,0.21,0.63,0.42,0.63,Matches,
311,Mathias Jensen,dk DEN,MF,Brentford,28-074,1996,23,19,"1,514",16.8,3,3,6,3,0,0,3,0,0.6,0.6,3,3.5,12,82,46,0.18,0.18,0.36,0.18,0.36,0.03,0.18,0.21,0.03,0.21,Matches,
312,Vitaly Janelt,de GER,"MF,DF",Brentford,25-310,1998,28,27,"2,238",24.9,0,2,2,0,0,0,5,0,1.3,1.3,3.9,5.2,19,86,69,0,0.08,0.08,0,0.08,0.05,0.16,0.21,0.05,0.21,Matches,
313,Reece James,eng ENG,DF,Chelsea,24-098,1999,8,5,388,4.3,0,1,1,0,0,0,2,1,0.3,0.3,1.5,1.8,19,20,33,0,0.23,0.23,0,0.23,0.07,0.34,0.41,0.07,0.41,Matches,
314,Nicolas Jackson,sn SEN,FW,Chelsea,22-269,2001,24,20,"1,815",20.2,9,3,12,9,0,0,9,0,12.6,12.6,2.7,15.4,36,42,114,0.45,0.15,0.6,0.45,0.6,0.63,0.14,0.76,0.63,0.76,Matches,
315,Alex Iwobi,ng NGA,MF,Everton,27-317,1996,2,2,140,1.6,0,0,0,0,0,0,0,0,0.3,0.3,0.2,0.5,6,4,8,0,0,0,0,0,0.21,0.14,0.35,0.21,0.35,Matches,
316,Alex Iwobi,ng NGA,"FW,MF",Fulham,27-317,1996,20,15,"1,400",15.6,5,1,6,5,0,0,2,0,4.6,4.6,2.5,7.1,63,99,118,0.32,0.06,0.39,0.32,0.39,0.3,0.16,0.46,0.3,0.46,Matches,
317,Alexander Isak,se SWE,FW,Newcastle Utd,24-176,1999,20,17,"1,402",15.6,12,0,12,10,2,2,0,0,10.9,9.4,1.1,10.4,39,38,76,0.77,0,0.77,0.64,0.64,0.7,0.07,0.77,0.6,0.67,Matches,
318,Tim Iroegbunam,eng ENG,MF,Aston Villa,20-259,2003,5,0,60,0.7,0,0,0,0,0,0,0,0,0,0,0,0,1,1,0,0,0,0,0,0,0,0,0,0,0,Matches,
319,Danny Ings,eng ENG,FW,West Ham,31-236,1992,14,2,264,2.9,1,0,1,1,0,0,1,0,1.1,1.1,0.3,1.4,6,4,13,0.34,0,0.34,0.34,0.34,0.38,0.09,0.47,0.38,0.47,Matches,
320,Igor,br BRA,DF,Brighton,26-037,1998,16,11,"1,001",11.1,0,0,0,0,0,0,4,0,0.1,0.1,0.3,0.4,19,77,6,0,0,0,0,0,0.01,0.03,0.04,0.01,0.04,Matches,
321,Will Hughes,eng ENG,MF,Crystal Palace,28-333,1995,21,15,"1,313",14.6,0,0,0,0,0,0,3,0,0.2,0.2,0.8,1,9,43,8,0,0,0,0,0,0.01,0.06,0.07,0.01,0.07,Matches,
322,Callum Hudson-Odoi,eng ENG,"FW,MF",Nott'ham Forest,23-129,2000,19,11,"1,069",11.9,4,1,5,4,0,0,0,0,1.2,1.2,1.8,3,62,33,97,0.34,0.08,0.42,0.34,0.42,0.1,0.15,0.25,0.1,0.25,Matches,
323,Mason Holgate,eng ENG,DF,Sheffield Utd,27-145,1996,3,3,192,2.1,0,0,0,0,0,0,1,1,0.4,0.4,0,0.4,0,4,0,0,0,0,0,0,0.2,0,0.2,0.2,0.2,Matches,
324,Rasmus Højlund,dk DEN,FW,Manchester Utd,21-040,2003,20,17,"1,465",16.3,7,2,9,7,0,0,2,0,6.5,6.5,1.1,7.6,22,23,75,0.43,0.12,0.55,0.43,0.55,0.4,0.07,0.46,0.4,0.46,Matches,
325,Pierre Højbjerg,dk DEN,MF,Tottenham,28-223,1995,26,6,992,11,0,0,0,0,0,0,3,0,0.4,0.4,0.8,1.3,12,98,22,0,0,0,0,0,0.04,0.08,0.11,0.04,0.11,Matches,
326,Jack Hinshelwood,eng ENG,DF,Brighton,18-339,2005,12,8,869,9.7,3,0,3,3,0,0,1,0,1.9,1.9,0.7,2.5,16,19,38,0.31,0,0.31,0.31,0.31,0.19,0.07,0.26,0.19,0.26,Matches,
327,James Hill,eng ENG,DF,Bournemouth,22-065,2002,3,1,71,0.8,0,0,0,0,0,0,0,0,0,0,0,0,0,4,1,0,0,0,0,0,0,0,0,0,0,Matches,
328,Aaron Hickey,sct SCO,DF,Brentford,21-279,2002,9,9,713,7.9,0,0,0,0,0,0,5,0,0.2,0.2,0.1,0.3,9,21,13,0,0,0,0,0,0.03,0.01,0.04,0.03,0.04,Matches,
329,Son Heung-min,kr KOR,FW,Tottenham,31-251,1992,24,23,"1,987",22.1,14,8,22,13,1,1,1,0,7.9,7.1,7.5,14.6,70,97,228,0.63,0.36,1,0.59,0.95,0.36,0.34,0.7,0.32,0.66,Matches,
330,Rico Henry,eng ENG,DF,Brentford,26-251,1997,5,5,401,4.5,0,1,1,0,0,0,1,0,0.1,0.1,1,1.1,13,20,12,0,0.22,0.22,0,0.22,0.02,0.22,0.24,0.02,0.24,Matches,
331,Dean Henderson,eng ENG,GK,Crystal Palace,27-003,1997,8,8,720,8,0,0,0,0,0,0,1,0,0,0,0,0,0,0,0,0,0,0,0,0,0,0,0,0,0,Matches,
332,Hwang Hee-chan,kr KOR,"FW,MF",Wolves,28-049,1996,22,19,"1,620",18,10,3,13,9,1,1,4,0,6.3,5.6,2.9,8.5,30,29,93,0.56,0.17,0.72,0.5,0.67,0.35,0.16,0.52,0.31,0.47,Matches,
333,Jan Paul van Hecke,nl NED,DF,Brighton,23-281,2000,23,21,"1,919",21.3,0,0,0,0,0,0,3,0,1.1,1.1,0.8,1.9,23,137,7,0,0,0,0,0,0.05,0.04,0.09,0.05,0.09,Matches,
334,Kai Havertz,de GER,"MF,FW",Arsenal,24-278,1999,27,20,"1,779",19.8,8,3,11,7,1,1,7,0,7.8,7,1.9,8.9,38,81,123,0.4,0.15,0.56,0.35,0.51,0.39,0.1,0.49,0.36,0.45,Matches,
335,Daiki Hashioka,jp JPN,DF,Luton Town,24-303,1999,3,1,134,1.5,0,0,0,0,0,0,0,0,0.1,0.1,0,0.1,1,2,0,0,0,0,0,0,0.04,0,0.04,0.04,0.04,Matches,
336,Jack Harrison,eng ENG,"MF,FW",Everton,27-116,1996,22,20,"1,730",19.2,3,3,6,3,0,0,0,0,3.2,3.2,3.1,6.2,51,47,106,0.16,0.16,0.31,0.16,0.31,0.16,0.16,0.32,0.16,0.32,Matches,
337,Luke Harris,wls WAL,MF,Fulham,18-347,2005,1,0,75,0.8,0,0,0,0,0,0,0,0,0.3,0.3,0,0.3,0,1,0,0,0,0,0,0,0.33,0,0.33,0.33,0.33,Matches,
338,Gustavo Hamer,nl NED,MF,Sheffield Utd,26-265,1997,26,24,"2,063",22.9,3,3,6,3,0,0,8,0,2.2,2.2,3.1,5.3,26,87,51,0.13,0.13,0.26,0.13,0.26,0.1,0.13,0.23,0.1,0.23,Matches,
339,Lewis Hall,eng ENG,DF,Newcastle Utd,19-189,2004,8,1,111,1.2,0,0,0,0,0,0,1,0,0,0,0,0,2,6,7,0,0,0,0,0,0.02,0,0.02,0.02,0.02,Matches,
340,Antwoine Hackford,eng ENG,FW,Sheffield Utd,19-361,2004,2,0,13,0.1,0,0,0,0,0,0,0,0,0,0,0,0,0,0,0,0,0,0,0,0,0,0,0,0,0,Matches,
341,Erling Haaland,no NOR,FW,Manchester City,23-238,2000,23,22,"1,922",21.4,18,5,23,15,3,4,1,0,20.9,17.8,3.8,21.6,21,18,93,0.84,0.23,1.08,0.7,0.94,0.98,0.18,1.16,0.83,1.01,Matches,
342,Joško Gvardiol,hr CRO,DF,Manchester City,22-052,2002,18,16,"1,473",16.4,0,0,0,0,0,0,2,0,1,1,0.9,1.8,39,80,70,0,0,0,0,0,0.06,0.05,0.11,0.06,0.11,Matches,
343,Malo Gusto,fr FRA,DF,Chelsea,20-301,2003,20,15,"1,368",15.2,0,5,5,0,0,0,5,1,0.4,0.4,3.2,3.6,57,66,102,0,0.33,0.33,0,0.33,0.03,0.21,0.23,0.03,0.23,Matches,
344,Bruno Guimarães,br BRA,MF,Newcastle Utd,26-120,1997,27,27,"2,364",26.3,3,5,8,3,0,0,9,0,2.6,2.6,4.2,6.8,41,196,52,0.11,0.19,0.3,0.11,0.3,0.1,0.16,0.26,0.1,0.26,Matches,
345,Marc Guéhi,eng ENG,DF,Crystal Palace,23-246,2000,22,22,"1,912",21.2,0,1,1,0,0,0,2,0,0.6,0.6,0.5,1.2,13,58,6,0,0.05,0.05,0,0.05,0.03,0.02,0.05,0.03,0.05,Matches,
346,Pascal Groß,de GER,"MF,DF",Brighton,32-274,1991,26,24,"2,214",24.6,4,10,14,3,1,1,4,0,5.3,4.6,6.8,11.4,60,222,133,0.16,0.41,0.57,0.12,0.53,0.22,0.28,0.49,0.19,0.46,Matches,
347,Jack Grealish,eng ENG,FW,Manchester City,28-187,1995,14,7,707,7.9,3,1,4,3,0,0,5,0,1.9,1.9,2.1,4,55,29,87,0.38,0.13,0.51,0.38,0.51,0.24,0.27,0.51,0.24,0.51,Matches,
348,Ivo Grbi?,hr CRO,GK,Sheffield Utd,28-057,1996,4,4,321,3.6,0,0,0,0,0,0,1,0,0,0,0,0,0,0,0,0,0,0,0,0,0,0,0,0,0,Matches,
349,Ryan Gravenberch,nl NED,MF,Liverpool,21-304,2002,19,9,845,9.4,0,0,0,0,0,0,0,0,1.5,1.5,0.8,2.3,31,61,51,0,0,0,0,0,0.16,0.08,0.24,0.16,0.24,Matches,
350,Daniel Gore,eng ENG,MF,Manchester Utd,19-171,2004,1,0,1,0,0,0,0,0,0,0,0,0,0,0,0,0,0,0,0,0,0,0,0,0,0,0,0,0,0,Matches,
351,Kaide Gordon,eng ENG,FW,Liverpool,19-162,2004,1,0,1,0,0,0,0,0,0,0,0,0,0,0,0,0,0,1,0,0,0,0,0,0,0,0,0,0,0,Matches,
352,Anthony Gordon,eng ENG,FW,Newcastle Utd,23-020,2001,27,26,"2,187",24.3,9,5,14,8,1,1,8,0,7.8,7,4.7,11.6,94,76,166,0.37,0.21,0.58,0.33,0.53,0.32,0.19,0.51,0.29,0.48,Matches,
353,Sergio Gómez,es ESP,FW,Manchester City,23-193,2000,3,0,20,0.2,0,1,1,0,0,0,0,0,0,0,0.2,0.2,3,1,2,0,4.5,4.5,0,4.5,0,0.85,0.85,0,0.85,Matches,
354,Joe Gomez,eng ENG,DF,Liverpool,26-297,1997,24,14,"1,452",16.1,0,1,1,0,0,0,4,0,0.6,0.6,0.9,1.5,35,78,84,0,0.06,0.06,0,0.06,0.03,0.06,0.09,0.03,0.09,Matches,
355,Toti Gomes,pt POR,DF,Wolves,25-059,1999,25,21,"1,874",20.8,0,3,3,0,0,0,3,0,1,1,1.1,2,15,67,7,0,0.14,0.14,0,0.14,0.05,0.05,0.1,0.05,0.1,Matches,
356,João Gomes,br BRA,MF,Wolves,23-032,2001,24,22,"1,815",20.2,2,1,3,2,0,0,6,0,1.1,1.1,1,2.1,13,73,21,0.1,0.05,0.15,0.1,0.15,0.05,0.05,0.1,0.05,0.1,Matches,
357,André Gomes,pt POR,"MF,FW",Everton,30-229,1993,5,1,200,2.2,1,0,1,1,0,0,2,0,0.2,0.2,0.4,0.6,5,15,19,0.45,0,0.45,0.45,0.45,0.11,0.18,0.28,0.11,0.28,Matches,
358,Ben Godfrey,eng ENG,DF,Everton,26-060,1998,9,8,670,7.4,0,0,0,0,0,0,2,0,1.4,1.4,0.2,1.6,8,27,21,0,0,0,0,0,0.19,0.03,0.22,0.19,0.22,Matches,
359,Billy Gilmour,sct SCO,MF,Brighton,22-278,2001,25,20,"1,778",19.8,0,1,1,0,0,0,5,1,0.9,0.9,2,2.9,33,165,32,0,0.05,0.05,0,0.05,0.04,0.1,0.15,0.04,0.15,Matches,
360,Alfie Gilchrist,eng ENG,"DF,FW",Chelsea,20-108,2003,5,0,20,0.2,0,0,0,0,0,0,0,0,0,0,0,0,1,0,0,0,0,0,0,0,0,0,0,0,0,Matches,
361,Bryan Gil,es ESP,"FW,MF",Tottenham,23-033,2001,10,2,196,2.2,0,0,0,0,0,0,0,0,0.7,0.7,0.1,0.9,9,11,42,0,0,0,0,0,0.33,0.06,0.39,0.33,0.39,Matches,
362,Morgan Gibbs-White,eng ENG,"MF,FW",Nott'ham Forest,24-048,2000,27,25,"2,302",25.6,3,4,7,2,1,1,7,0,4.7,3.9,5.2,9.1,57,112,134,0.12,0.16,0.27,0.08,0.23,0.18,0.2,0.39,0.15,0.36,Matches,
363,Saman Ghoddos,ir IRN,DF,Brentford,30-191,1993,17,7,707,7.9,1,0,1,1,0,0,5,0,0.3,0.3,1.1,1.4,20,32,30,0.13,0,0.13,0.13,0.13,0.04,0.14,0.18,0.04,0.18,Matches,
364,James Garner,eng ENG,MF,Everton,23-002,2001,27,26,"2,311",25.7,1,2,3,1,0,0,5,0,2.2,2.2,4.2,6.4,25,86,55,0.04,0.08,0.12,0.04,0.12,0.09,0.16,0.25,0.09,0.25,Matches,
365,Alejandro Garnacho,ar ARG,FW,Manchester Utd,19-258,2004,26,20,"1,767",19.6,5,3,8,5,0,0,4,0,5.7,5.6,4.5,10.1,118,47,192,0.25,0.15,0.41,0.25,0.41,0.29,0.23,0.52,0.29,0.52,Matches,
366,Idrissa Gana Gueye,sn SEN,MF,Everton,34-171,1989,18,17,"1,303",14.5,1,0,1,1,0,0,7,0,1.1,1.1,0.7,1.8,20,55,32,0.07,0,0.07,0.07,0.07,0.07,0.05,0.12,0.07,0.12,Matches,
367,Conor Gallagher,eng ENG,MF,Chelsea,24-038,2000,26,26,"2,182",24.2,2,5,7,2,0,0,7,1,2.4,2.4,4.2,6.5,41,134,87,0.08,0.21,0.29,0.08,0.29,0.1,0.17,0.27,0.1,0.27,Matches,
368,Cody Gakpo,nl NED,"FW,MF",Liverpool,24-313,1999,26,12,"1,163",12.9,5,3,8,5,0,0,0,0,6,6,0.7,6.8,27,54,86,0.39,0.23,0.62,0.39,0.62,0.47,0.06,0.53,0.47,0.53,Matches,
369,Nathan Fraser,ie IRL,FW,Wolves,19-022,2005,4,1,175,1.9,0,0,0,0,0,0,1,0,0.3,0.3,0.1,0.3,0,1,15,0,0,0,0,0,0.14,0.04,0.18,0.14,0.18,Matches,
370,Matheus França,br BRA,"MF,FW",Crystal Palace,19-349,2004,10,1,232,2.6,0,1,1,0,0,0,1,0,0.4,0.4,0.9,1.2,12,8,12,0,0.39,0.39,0,0.39,0.14,0.34,0.48,0.14,0.48,Matches,
371,Lyle Foster,za RSA,FW,Burnley,23-194,2000,14,13,"1,128",12.5,4,3,7,4,0,0,0,1,2,2,1.3,3.4,32,16,50,0.32,0.24,0.56,0.32,0.56,0.16,0.1,0.27,0.16,0.27,Matches,
372,Omari Forson,eng ENG,FW,Manchester Utd,19-239,2004,3,1,66,0.7,0,1,1,0,0,0,0,0,0,0,0.2,0.2,1,2,2,0,1.36,1.36,0,1.36,0.04,0.24,0.28,0.04,0.28,Matches,
373,Pablo Fornals,es ESP,"MF,FW",West Ham,28-022,1996,15,4,426,4.7,0,0,0,0,0,0,0,0,0.3,0.3,0.3,0.6,4,29,27,0,0,0,0,0,0.07,0.07,0.13,0.07,0.13,Matches,
374,Wes Foderingham,eng ENG,GK,Sheffield Utd,33-061,1991,25,24,"2,199",24.4,0,0,0,0,0,0,2,0,0,0,0,0,0,0,0,0,0,0,0,0,0,0,0,0,0,Matches,
375,Phil Foden,eng ENG,"FW,MF",Manchester City,23-292,2000,28,26,"2,309",25.7,11,7,18,11,0,0,1,0,8.5,8.5,6.2,14.8,83,140,225,0.43,0.27,0.7,0.43,0.7,0.33,0.24,0.58,0.33,0.58,Matches,
376,Mark Flekken,nl NED,GK,Brentford,30-276,1993,27,27,"2,385",26.5,0,1,1,0,0,0,3,0,0,0,0.2,0.2,0,3,0,0,0.04,0.04,0,0.04,0,0.01,0.01,0,0.01,Matches,
377,John Fleck,sct SCO,"MF,DF",Sheffield Utd,32-204,1991,4,1,92,1,0,0,0,0,0,0,1,0,0,0,0.4,0.4,2,3,0,0,0,0,0,0,0,0.44,0.44,0,0.44,Matches,
378,Enzo Fernández,ar ARG,MF,Chelsea,23-058,2001,24,22,"1,873",20.8,3,1,4,2,1,2,6,0,5.7,4.1,2.9,7.1,46,168,52,0.14,0.05,0.19,0.1,0.14,0.27,0.14,0.41,0.2,0.34,Matches,
379,Bruno Fernandes,pt POR,"MF,FW",Manchester Utd,29-189,1994,27,27,"2,430",27,4,6,10,2,2,3,8,0,7.2,4.9,8.2,13.1,58,223,137,0.15,0.22,0.37,0.07,0.3,0.27,0.31,0.57,0.18,0.49,Matches,
380,Evan Ferguson,ie IRL,FW,Brighton,19-148,2004,26,15,"1,359",15.1,6,0,6,6,0,0,1,0,4.6,4.6,0.5,5.1,13,15,62,0.4,0,0.4,0.4,0.4,0.31,0.04,0.34,0.31,0.34,Matches,
381,Felipe,br BRA,DF,Nott'ham Forest,34-304,1989,5,3,269,3,0,0,0,0,0,0,3,0,0.1,0.1,0.1,0.2,1,3,0,0,0,0,0,0,0.04,0.02,0.06,0.04,0.06,Matches,
382,Ansu Fati,es ESP,"MF,FW",Brighton,21-136,2002,15,3,476,5.3,2,0,2,2,0,0,2,0,3.3,3.3,0.8,4.1,14,25,40,0.38,0,0.38,0.38,0.38,0.62,0.15,0.77,0.62,0.77,Matches,
383,Romain Faivre,fr FRA,"MF,DF",Bournemouth,25-245,1998,3,0,18,0.2,0,0,0,0,0,0,1,0,0.1,0.1,0,0.1,2,3,1,0,0,0,0,0,0.71,0,0.71,0.71,0.71,Matches,
384,?ukasz Fabia?ski,pl POL,GK,West Ham,38-332,1985,5,3,316,3.5,0,0,0,0,0,0,0,0,0,0,0,0,0,1,0,0,0,0,0,0,0,0,0,0,0,Matches,
385,Eberechi Eze,eng ENG,"MF,FW",Crystal Palace,25-260,1998,18,15,"1,316",14.6,6,1,7,5,1,1,3,0,5.5,4.7,2.9,7.5,43,59,75,0.41,0.07,0.48,0.34,0.41,0.37,0.2,0.57,0.32,0.52,Matches,
386,Jonny Evans,nir NIR,DF,Manchester Utd,36-072,1988,18,12,"1,086",12.1,0,1,1,0,0,0,2,0,0.1,0.1,1.2,1.2,5,32,1,0,0.08,0.08,0,0.08,0.01,0.1,0.1,0.01,0.1,Matches,
387,Pervis Estupiñán,ec ECU,DF,Brighton,26-054,1998,16,12,"1,052",11.7,2,3,5,2,0,0,4,0,0.9,0.9,3.4,4.3,41,74,76,0.17,0.26,0.43,0.17,0.43,0.08,0.29,0.37,0.08,0.37,Matches,
388,Maxime Estève,fr FRA,DF,Burnley,21-294,2002,6,5,455,5.1,0,0,0,0,0,0,2,0,0.1,0.1,0,0.1,3,15,1,0,0,0,0,0,0.02,0,0.02,0.02,0.02,Matches,
389,Christian Eriksen,dk DEN,MF,Manchester Utd,32-030,1992,16,9,887,9.9,1,1,2,1,0,0,1,0,0.7,0.7,1.8,2.5,18,53,19,0.1,0.1,0.2,0.1,0.2,0.07,0.18,0.25,0.07,0.25,Matches,
390,Wataru Endo,jp JPN,MF,Liverpool,31-035,1993,20,12,"1,094",12.2,1,0,1,1,0,0,7,0,0.3,0.3,1.6,2,6,59,15,0.08,0,0.08,0.08,0.08,0.03,0.13,0.16,0.03,0.16,Matches,
391,Julio Enciso,py PAR,"MF,FW",Brighton,20-052,2004,5,2,147,1.6,0,2,2,0,0,0,1,0,0.5,0.5,0.8,1.2,7,0,12,0,1.22,1.22,0,1.22,0.27,0.47,0.75,0.27,0.75,Matches,
392,Emerson,br BRA,DF,Tottenham,25-061,1999,18,9,959,10.7,1,0,1,1,0,0,3,0,0.2,0.2,0.4,0.6,20,44,31,0.09,0,0.09,0.09,0.09,0.01,0.04,0.05,0.01,0.05,Matches,
393,Mohamed Elneny,eg EGY,MF,Arsenal,31-248,1992,3,0,28,0.3,0,0,0,0,0,0,0,0,0.1,0.1,0,0.1,1,1,0,0,0,0,0,0,0.26,0,0.26,0.26,0.26,Matches,
394,Harvey Elliott,eng ENG,"MF,FW",Liverpool,20-346,2003,24,6,838,9.3,2,2,4,2,0,0,1,0,1.3,1.3,2.4,3.7,30,72,64,0.21,0.21,0.43,0.21,0.43,0.14,0.26,0.4,0.14,0.4,Matches,
395,Anthony Elanga,se SWE,"FW,MF",Nott'ham Forest,21-323,2002,27,19,"1,843",20.5,5,7,12,5,0,0,1,0,5.9,5.9,5.6,11.4,76,33,156,0.24,0.34,0.59,0.24,0.59,0.29,0.27,0.56,0.29,0.56,Matches,
396,Hjalmar Ekdal,se SWE,DF,Burnley,25-146,1998,6,4,325,3.6,0,0,0,0,0,0,2,0,0.1,0.1,0.1,0.1,2,9,0,0,0,0,0,0,0.02,0.02,0.04,0.02,0.04,Matches,
397,John Egan,ie IRL,DF,Sheffield Utd,31-147,1992,6,6,482,5.4,0,0,0,0,0,0,2,0,0.2,0.2,0,0.2,0,5,1,0,0,0,0,0,0.03,0,0.03,0.03,0.03,Matches,
398,Odsonne Édouard,fr FRA,"FW,MF",Crystal Palace,26-059,1998,22,17,"1,427",15.9,6,0,6,6,0,0,3,0,5.7,5.7,1.1,6.8,31,32,87,0.38,0,0.38,0.38,0.38,0.36,0.07,0.43,0.36,0.43,Matches,
399,Ederson,br BRA,GK,Manchester City,30-211,1993,27,27,"2,312",25.7,0,0,0,0,0,0,5,0,0,0,0.1,0.1,0,4,0,0,0,0,0,0,0,0,0,0,0,Matches,
400,Jhon Durán,co COL,"FW,MF",Aston Villa,20-093,2003,14,0,185,2.1,2,0,2,2,0,0,4,0,1.3,1.3,0.1,1.4,6,4,13,0.97,0,0.97,0.97,0.97,0.61,0.05,0.66,0.61,0.66,Matches,
401,Lewis Dunk,eng ENG,DF,Brighton,32-115,1991,24,24,"2,104",23.4,3,1,4,3,0,0,6,1,2.9,2.9,0.8,3.7,29,131,11,0.13,0.04,0.17,0.13,0.17,0.12,0.03,0.16,0.12,0.16,Matches,
402,Paul Dummett,wls WAL,DF,Newcastle Utd,32-171,1991,1,0,5,0.1,0,0,0,0,0,0,0,0,0,0,0,0,0,1,0,0,0,0,0,0,0,0,0,0,0,Matches,
403,Martin Dúbravka,sk SVK,GK,Newcastle Utd,35-060,1989,14,13,"1,175",13.1,0,0,0,0,0,0,1,0,0,0,0.1,0.1,0,0,0,0,0,0,0,0,0,0.01,0.01,0,0.01,Matches,
404,Radu Dr?gu?in,ro ROU,"DF,MF",Tottenham,22-041,2002,4,0,53,0.6,0,0,0,0,0,0,1,0,0,0,0,0,1,1,0,0,0,0,0,0,0,0,0,0,0,Matches,
405,Tommy Doyle,eng ENG,MF,Wolves,22-150,2001,19,6,813,9,0,0,0,0,0,0,2,0,0.2,0.2,0.3,0.5,11,53,9,0,0,0,0,0,0.03,0.03,0.06,0.03,0.06,Matches,
406,Alfie Doughty,eng ENG,DF,Luton Town,24-085,1999,27,24,"2,085",23.2,1,7,8,1,0,0,3,0,0.9,0.9,5.3,6.3,70,78,124,0.04,0.3,0.35,0.04,0.35,0.04,0.23,0.27,0.04,0.27,Matches,
407,Cheick Doucouré,ml MLI,MF,Crystal Palace,24-067,2000,11,11,919,10.2,0,0,0,0,0,0,2,0,0.3,0.3,0.7,1,9,49,5,0,0,0,0,0,0.03,0.07,0.1,0.03,0.1,Matches,
408,Abdoulaye Doucouré,ml MLI,"FW,MF",Everton,31-074,1993,22,22,"1,838",20.4,6,0,6,6,0,0,5,0,6.3,6.3,2.5,8.8,39,66,108,0.29,0,0.29,0.29,0.29,0.31,0.12,0.43,0.31,0.43,Matches,
409,Gabriel Dos Santos,br BRA,DF,Arsenal,26-087,1997,26,24,"2,176",24.2,4,0,4,4,0,0,3,0,3.3,3.3,0.7,3.9,12,97,8,0.17,0,0.17,0.17,0.17,0.14,0.03,0.16,0.14,0.16,Matches,
410,Jamie Donley,eng ENG,FW,Tottenham,19-072,2005,3,0,3,0,0,0,0,0,0,0,1,0,0,0,0,0,0,0,0,0,0,0,0,0,0,0,0,0,0,Matches,
411,Nicolás Domínguez,ar ARG,"MF,FW",Nott'ham Forest,25-261,1998,19,18,"1,345",14.9,2,2,4,2,0,0,3,0,1.2,1.2,1,2.2,8,74,35,0.13,0.13,0.27,0.13,0.27,0.08,0.07,0.15,0.08,0.15,Matches,
412,Jeremy Doku,be BEL,"FW,MF",Manchester City,21-293,2002,20,14,"1,199",13.3,2,5,7,2,0,0,3,0,1.4,1.4,3.4,4.8,166,45,221,0.15,0.38,0.53,0.15,0.53,0.11,0.25,0.36,0.11,0.36,Matches,
413,Matt Doherty,ie IRL,"DF,MF",Wolves,32-059,1992,21,3,593,6.6,1,0,1,1,0,0,1,0,0.5,0.5,0.7,1.3,7,15,36,0.15,0,0.15,0.15,0.15,0.08,0.11,0.19,0.08,0.19,Matches,
414,Lewis Dobbin,eng ENG,MF,Everton,21-072,2003,11,1,210,2.3,1,0,1,1,0,0,1,0,0.3,0.3,0.4,0.7,6,3,16,0.43,0,0.43,0.43,0.43,0.12,0.16,0.28,0.12,0.28,Matches,
415,Ben Doak,sct SCO,FW,Liverpool,18-125,2005,1,0,14,0.2,0,0,0,0,0,0,0,0,0,0,0,0,0,0,0,0,0,0,0,0,0,0,0,0,0,Matches,
416,Axel Disasi,fr FRA,DF,Chelsea,26-004,1998,25,25,"2,226",24.7,2,0,2,2,0,0,6,0,1.4,1.4,0.2,1.6,24,89,19,0.08,0,0.08,0.08,0.08,0.05,0.01,0.06,0.05,0.06,Matches,
417,Issa Diop,fr FRA,DF,Fulham,27-066,1997,15,13,"1,155",12.8,0,0,0,0,0,0,2,0,0.2,0.2,0,0.2,11,64,1,0,0,0,0,0,0.01,0,0.01,0.01,0.01,Matches,
418,Lucas Digne,fr FRA,DF,Aston Villa,30-239,1993,23,19,"1,636",18.2,1,2,3,1,0,0,5,0,0.8,0.8,2.8,3.6,30,58,163,0.06,0.11,0.17,0.06,0.17,0.04,0.16,0.2,0.04,0.2,Matches,
419,Eric Dier,eng ENG,DF,Tottenham,30-060,1994,4,1,201,2.2,0,0,0,0,0,0,0,0,0,0,0,0,0,3,0,0,0,0,0,0,0,0,0,0,0,Matches,
420,Luis Díaz,co COL,FW,Liverpool,27-062,1997,27,22,"1,836",20.4,6,3,9,6,0,0,2,0,8.6,8.6,2.9,11.5,86,75,198,0.29,0.15,0.44,0.29,0.44,0.42,0.14,0.56,0.42,0.56,Matches,
421,Rúben Dias,pt POR,DF,Manchester City,26-306,1997,23,21,"1,929",21.4,0,0,0,0,0,0,0,0,1.1,1.1,0.2,1.3,30,132,14,0,0,0,0,0,0.05,0.01,0.06,0.05,0.06,Matches,
422,Amadou Diallo,eng ENG,MF,Newcastle Utd,21-029,2003,1,0,1,0,0,0,0,0,0,0,0,0,0,0,0,0,0,0,0,0,0,0,0,0,0,0,0,0,0,Matches,
423,Amad Diallo,ci CIV,FW,Manchester Utd,21-248,2002,2,0,48,0.5,0,0,0,0,0,0,0,0,0.1,0.1,0.1,0.2,2,1,9,0,0,0,0,0,0.09,0.26,0.35,0.09,0.35,Matches,
424,Moussa Diaby,fr FRA,"FW,MF",Aston Villa,24-252,1999,28,18,"1,526",17,4,5,9,4,0,0,1,0,5,5,4.8,9.9,69,49,145,0.24,0.29,0.53,0.24,0.53,0.3,0.28,0.58,0.3,0.58,Matches,
425,Leander Dendoncker,be BEL,MF,Aston Villa,28-335,1995,8,1,119,1.3,1,0,1,1,0,0,0,0,0.7,0.7,0,0.7,0,3,2,0.76,0,0.76,0.76,0.76,0.56,0,0.56,0.56,0.56,Matches,
426,Hannes Delcroix,be BEL,DF,Burnley,25-016,1999,12,5,589,6.5,0,0,0,0,0,0,2,0,0.4,0.4,0.2,0.6,2,18,6,0,0,0,0,0,0.05,0.03,0.09,0.05,0.09,Matches,
427,Kevin De Bruyne,be BEL,MF,Manchester City,32-261,1991,9,6,493,5.5,1,5,6,1,0,0,1,0,1,1,5.2,6.3,24,52,61,0.18,0.91,1.1,0.18,1.1,0.19,0.95,1.14,0.19,1.14,Matches,
428,Craig Dawson,eng ENG,DF,Wolves,33-314,1990,25,25,"2,209",24.5,1,1,2,1,0,0,7,0,1.5,1.5,1.4,2.9,1,49,4,0.04,0.04,0.08,0.04,0.08,0.06,0.06,0.12,0.06,0.12,Matches,
429,Tom Davies,eng ENG,MF,Sheffield Utd,25-259,1998,9,2,221,2.5,0,0,0,0,0,0,2,0,0.4,0.4,0.1,0.4,3,8,3,0,0,0,0,0,0.14,0.03,0.17,0.14,0.17,Matches,
430,Ben Davies,wls WAL,DF,Tottenham,30-326,1993,16,11,"1,003",11.1,1,0,1,1,0,0,1,0,2.3,2.3,0.4,2.7,12,71,18,0.09,0,0.09,0.09,0.09,0.21,0.03,0.24,0.21,0.24,Matches,
431,David Datro Fofana,ci CIV,FW,Burnley,21-084,2002,7,5,509,5.7,3,1,4,3,0,0,1,0,2.3,2.3,1.4,3.7,14,6,23,0.53,0.18,0.71,0.53,0.71,0.41,0.25,0.66,0.41,0.66,Matches,
432,Josh Dasilva,eng ENG,"DF,FW",Brentford,25-144,1998,3,0,24,0.3,0,0,0,0,0,0,0,0,0,0,0.2,0.2,2,2,5,0,0,0,0,0,0,0.72,0.72,0,0.72,Matches,
433,Jayden Danns,eng ENG,FW,Liverpool,18-059,2006,2,0,9,0.1,0,0,0,0,0,0,1,0,0,0,0,0,0,1,2,0,0,0,0,0,0,0,0,0,0,Matches,
434,Arnaut Danjuma,nl NED,"MF,FW",Everton,27-044,1997,14,5,595,6.6,1,0,1,1,0,0,0,0,2.6,2.6,1.1,3.7,24,9,44,0.15,0,0.15,0.15,0.15,0.4,0.17,0.57,0.4,0.57,Matches,
435,Danilo,br BRA,"MF,FW",Nott'ham Forest,22-321,2001,21,12,"1,123",12.5,1,0,1,1,0,0,3,0,0.6,0.6,0.4,1.1,14,52,18,0.08,0,0.08,0.08,0.08,0.05,0.03,0.08,0.05,0.08,Matches,
436,Mikkel Damsgaard,dk DEN,MF,Brentford,23-256,2000,14,2,362,4,0,1,1,0,0,0,0,0,0.6,0.6,0.8,1.4,6,32,18,0,0.25,0.25,0,0.25,0.15,0.19,0.34,0.15,0.34,Matches,
437,Diogo Dalot,pt POR,DF,Manchester Utd,24-363,1999,26,25,"2,274",25.3,1,2,3,1,0,0,6,1,0.9,0.9,1.9,2.7,42,90,87,0.04,0.08,0.12,0.04,0.12,0.03,0.07,0.11,0.03,0.11,Matches,
438,Ameen Al-Dakhil,be BEL,DF,Burnley,22-009,2002,13,12,"1,056",11.7,1,0,1,1,0,0,1,0,1.3,1.3,0.1,1.4,7,35,9,0.09,0,0.09,0.09,0.09,0.11,0.01,0.12,0.11,0.12,Matches,
439,Mahmoud Dahoud,de GER,MF,Brighton,28-074,1996,9,6,452,5,0,1,1,0,0,0,1,1,0.2,0.2,0.9,1.1,4,11,6,0,0.2,0.2,0,0.2,0.04,0.18,0.22,0.04,0.22,Matches,
440,Matheus Cunha,br BRA,"FW,MF",Wolves,24-293,1999,24,24,"1,961",21.8,9,6,15,8,1,1,5,0,8.2,7.4,3.1,10.5,93,60,108,0.41,0.28,0.69,0.37,0.64,0.38,0.14,0.52,0.34,0.48,Matches,
441,Josh Cullen,ie IRL,MF,Burnley,27-343,1996,15,13,"1,168",13,0,1,1,0,0,0,5,0,0.2,0.2,0.8,0.9,9,61,11,0,0.08,0.08,0,0.08,0.01,0.06,0.07,0.01,0.07,Matches,
442,Marc Cucurella,es ESP,DF,Chelsea,25-237,1998,10,9,793,8.8,0,0,0,0,0,0,5,0,0.8,0.8,0.2,1,16,26,31,0,0,0,0,0,0.09,0.02,0.11,0.09,0.11,Matches,
443,Aaron Cresswell,eng ENG,DF,West Ham,34-091,1989,5,3,235,2.6,0,0,0,0,0,0,1,0,0,0,0.3,0.3,3,16,3,0,0,0,0,0,0,0.13,0.13,0,0.13,Matches,
444,Philippe Coutinho,br BRA,"MF,FW",Aston Villa,31-277,1992,2,0,25,0.3,0,0,0,0,0,0,0,0,0.1,0.1,0,0.1,5,5,2,0,0,0,0,0,0.52,0,0.52,0.52,0.52,Matches,
445,Vladimír Coufal,cz CZE,DF,West Ham,31-206,1992,26,26,"2,300",25.6,0,6,6,0,0,0,7,1,0,0,3,3,52,95,99,0,0.23,0.23,0,0.23,0,0.12,0.12,0,0.12,Matches,
446,Maxwel Cornet,ci CIV,"MF,FW",West Ham,27-170,1996,5,1,105,1.2,1,0,1,1,0,0,0,0,0.4,0.4,0.2,0.6,3,2,7,0.86,0,0.86,0.86,0.86,0.34,0.14,0.49,0.34,0.49,Matches,
447,Jack Cork,eng ENG,MF,Burnley,34-264,1989,3,0,19,0.2,0,0,0,0,0,0,0,0,0,0,0,0,3,2,1,0,0,0,0,0,0,0,0,0,0,Matches,
448,Lewis Cook,eng ENG,MF,Bournemouth,27-041,1997,23,22,"1,890",21,0,3,3,0,0,0,4,1,0.2,0.2,3,3.2,14,102,11,0,0.14,0.14,0,0.14,0.01,0.14,0.15,0.01,0.15,Matches,
449,Levi Colwill,eng ENG,DF,Chelsea,21-018,2003,23,20,"1,797",20,1,1,2,1,0,0,2,0,1.3,1.3,1.2,2.5,23,73,27,0.05,0.05,0.1,0.05,0.1,0.06,0.06,0.12,0.06,0.12,Matches,
450,Nathan Collins,ie IRL,DF,Brentford,22-320,2001,23,20,"1,842",20.5,1,1,2,1,0,0,3,0,1.6,1.6,1.5,3.1,6,70,12,0.05,0.05,0.1,0.05,0.1,0.08,0.07,0.15,0.08,0.15,Matches,
451,Séamus Coleman,ie IRL,DF,Everton,35-156,1988,5,2,235,2.6,0,0,0,0,0,0,0,0,0,0,0,0,1,12,7,0,0,0,0,0,0,0,0,0,0,Matches,
452,Nathaniel Clyne,eng ENG,DF,Crystal Palace,32-345,1991,10,7,718,8,0,0,0,0,0,0,0,0,0,0,0,0.1,8,18,15,0,0,0,0,0,0,0,0.01,0,0.01,Matches,
453,Jordan Clark,eng ENG,MF,Luton Town,30-175,1993,14,7,659,7.3,0,1,1,0,0,0,3,0,0.3,0.3,0.8,1.1,11,21,15,0,0.14,0.14,0,0.14,0.04,0.11,0.15,0.04,0.15,Matches,
454,Bobby Clark,eng ENG,MF,Liverpool,19-037,2005,5,1,89,1,0,0,0,0,0,0,0,0,0.1,0.1,0,0.1,3,3,7,0,0,0,0,0,0.14,0,0.14,0.14,0.14,Matches,
455,Carney Chukwuemeka,eng ENG,"MF,FW",Chelsea,20-147,2003,6,2,171,1.9,1,1,2,1,0,0,2,0,0.1,0.1,0.3,0.4,4,8,15,0.53,0.53,1.05,0.53,1.05,0.07,0.16,0.22,0.07,0.22,Matches,
456,Ryan Christie,sct SCO,MF,Bournemouth,29-022,1995,28,27,"2,189",24.3,0,4,4,0,0,0,4,0,1.5,1.5,4.5,6,50,120,68,0,0.16,0.16,0,0.16,0.06,0.18,0.25,0.06,0.25,Matches,
457,Tahith Chong,nl NED,MF,Luton Town,24-102,1999,23,11,"1,186",13.2,3,0,3,3,0,0,3,0,2.1,2.1,0.4,2.6,34,50,66,0.23,0,0.23,0.23,0.23,0.16,0.03,0.19,0.16,0.19,Matches,
458,Tawanda Chirewa,eng ENG,"MF,FW",Wolves,20-156,2003,2,0,13,0.1,0,0,0,0,0,0,0,0,0.1,0.1,0,0.1,0,1,4,0,0,0,0,0,0.52,0.21,0.73,0.52,0.73,Matches,
459,Ben Chilwell,eng ENG,DF,Chelsea,27-085,1996,12,9,745,8.3,0,1,1,0,0,0,5,0,1.2,1.2,2.2,3.4,22,24,58,0,0.12,0.12,0,0.12,0.14,0.26,0.41,0.14,0.41,Matches,
460,Youssef Chermiti,pt POR,FW,Everton,19-296,2004,11,0,69,0.8,0,0,0,0,0,0,1,0,0.5,0.5,0.4,0.9,1,4,8,0,0,0,0,0,0.67,0.53,1.2,0.67,1.2,Matches,
461,Calum Chambers,eng ENG,DF,Aston Villa,29-055,1995,1,0,45,0.5,0,0,0,0,0,0,0,0,0,0,0,0,0,2,0,0,0,0,0,0,0,0,0,0,0,Matches,
462,Trevoh Chalobah,eng ENG,DF,Chelsea,24-254,1999,3,2,200,2.2,0,0,0,0,0,0,0,0,0,0,0,0,0,1,0,0,0,0,0,0,0,0.02,0.02,0,0.02,Matches,
463,Jonny Castro,es ESP,MF,Wolves,30-012,1994,1,0,5,0.1,0,0,0,0,0,0,0,0,0,0,0,0,0,0,0,0,0,0,0,0,0,0,0,0,0,Matches,
464,Timothy Castagne,be BEL,DF,Fulham,28-101,1995,25,21,"1,928",21.4,0,1,1,0,0,0,2,0,1.3,1.3,0.9,2.2,40,62,90,0,0.05,0.05,0,0.05,0.06,0.04,0.1,0.06,0.1,Matches,
465,Matty Cash,pl POL,DF,Aston Villa,26-221,1997,25,21,"1,853",20.6,2,1,3,2,0,0,6,0,4.1,4.1,2.1,6.2,57,78,85,0.1,0.05,0.15,0.1,0.15,0.2,0.1,0.3,0.2,0.3,Matches,
466,Casemiro,br BRA,MF,Manchester Utd,32-021,1992,15,15,"1,177",13.1,1,1,2,1,0,0,4,0,2.4,2.4,0.6,3,8,71,28,0.08,0.08,0.15,0.08,0.15,0.18,0.04,0.23,0.18,0.23,Matches,
467,Cesare Casadei,it ITA,"MF,FW",Chelsea,21-065,2003,3,0,20,0.2,0,0,0,0,0,0,0,0,0,0,0.1,0.1,0,1,0,0,0,0,0,0,0,0.32,0.32,0,0.32,Matches,
468,Diego Carlos,br BRA,DF,Aston Villa,31-000,1993,18,13,"1,166",13,0,0,0,0,0,0,3,0,0.6,0.6,0,0.6,4,47,0,0,0,0,0,0,0.04,0,0.05,0.04,0.05,Matches,
469,Thomas Cannon,ie IRL,FW,Everton,21-078,2002,1,0,1,0,0,0,0,0,0,0,0,0,0,0,0,0,0,0,0,0,0,0,0,0,0,0,0,0,0,Matches,
470,Dominic Calvert-Lewin,eng ENG,FW,Everton,26-365,1997,24,19,"1,583",17.6,3,1,4,3,0,0,1,0,9.3,9.3,1.6,10.9,24,24,82,0.17,0.06,0.23,0.17,0.23,0.53,0.09,0.62,0.53,0.62,Matches,
471,Tom Cairney,sct SCO,MF,Fulham,33-055,1991,26,13,"1,246",13.8,1,3,4,1,0,0,2,0,0.8,0.8,1.9,2.7,30,111,54,0.07,0.22,0.29,0.07,0.29,0.05,0.14,0.19,0.05,0.19,Matches,
472,Moisés Caicedo,ec ECU,MF,Chelsea,22-134,2001,24,22,"1,941",21.6,0,1,1,0,0,0,8,0,0.2,0.2,1.5,1.7,9,106,16,0,0.05,0.05,0,0.05,0.01,0.07,0.08,0.01,0.08,Matches,
473,Mason Burstow,eng ENG,FW,Chelsea,20-224,2003,2,0,9,0.1,0,0,0,0,0,0,0,0,0,0,0,0,0,0,1,0,0,0,0,0,0,0,0,0,0,Matches,
474,Dan Burn,eng ENG,DF,Newcastle Utd,31-311,1992,23,22,"1,826",20.3,2,2,4,2,0,0,3,0,2.4,2.4,1,3.4,13,60,25,0.1,0.1,0.2,0.1,0.2,0.12,0.05,0.17,0.12,0.17,Matches,
475,Reece Burke,eng ENG,DF,Luton Town,27-195,1996,14,12,"1,034",11.5,0,2,2,0,0,0,3,0,1.3,1.3,0.7,2,3,34,10,0,0.17,0.17,0,0.17,0.11,0.06,0.17,0.11,0.17,Matches,
476,Facundo Buonanotte,ar ARG,"MF,FW",Brighton,19-083,2004,19,12,943,10.5,3,1,4,3,0,0,6,0,1.9,1.9,1.7,3.6,13,25,50,0.29,0.1,0.38,0.29,0.38,0.18,0.16,0.35,0.18,0.35,Matches,
477,Santiago Bueno,uy URU,DF,Wolves,25-127,1998,4,3,291,3.2,0,0,0,0,0,0,1,0,0,0,0,0,0,2,0,0,0,0,0,0,0,0,0,0,0,Matches,
478,Hugo Bueno,es ESP,"DF,MF",Wolves,21-179,2002,14,4,432,4.8,0,0,0,0,0,0,1,0,0.2,0.2,0.5,0.8,12,6,31,0,0,0,0,0,0.05,0.11,0.16,0.05,0.16,Matches,
479,Jacob Bruun Larsen,dk DEN,"MF,FW",Burnley,25-178,1998,22,6,596,6.6,2,0,2,2,0,0,0,0,1.5,1.5,0.6,2.1,31,19,84,0.3,0,0.3,0.3,0.3,0.22,0.09,0.31,0.22,0.31,Matches,
480,Josh Brownhill,eng ENG,MF,Burnley,28-087,1995,26,22,"2,028",22.5,3,1,4,3,0,0,3,1,1.6,1.6,1.8,3.4,16,78,29,0.13,0.04,0.18,0.13,0.18,0.07,0.08,0.15,0.07,0.15,Matches,
481,Jacob Brown,sct SCO,"MF,FW",Luton Town,25-340,1998,19,12,"1,019",11.3,2,0,2,2,0,0,4,0,2.8,2.8,0.7,3.4,25,19,53,0.18,0,0.18,0.18,0.18,0.25,0.06,0.3,0.25,0.3,Matches,
482,David Brooks,wls WAL,"FW,MF",Bournemouth,26-251,1997,13,2,282,3.1,1,1,2,1,0,0,1,0,2.2,2.2,1,3.2,8,21,27,0.32,0.32,0.64,0.32,0.64,0.7,0.33,1.03,0.7,1.03,Matches,
483,Andre Brooks,eng ENG,"MF,DF",Sheffield Utd,20-208,2003,13,8,650,7.2,0,0,0,0,0,0,1,0,0.2,0.2,0.1,0.3,6,12,13,0,0,0,0,0,0.03,0.01,0.04,0.03,0.04,Matches,
484,Armando Broja,al ALB,FW,Chelsea,22-187,2001,13,6,454,5,1,0,1,1,0,0,0,0,2.4,2.4,0.2,2.5,11,6,37,0.2,0,0.2,0.2,0.2,0.47,0.03,0.5,0.47,0.5,Matches,
485,Armando Broja,al ALB,FW,Fulham,22-187,2001,4,0,51,0.6,0,1,1,0,0,0,0,0,0,0,0.4,0.4,2,1,5,0,1.76,1.76,0,1.76,0,0.7,0.7,0,0.7,Matches,
486,Rhian Brewster,eng ENG,"FW,MF",Sheffield Utd,23-349,2000,11,3,307,3.4,0,0,0,0,0,0,0,1,0.3,0.3,0.1,0.4,1,2,17,0,0,0,0,0,0.08,0.03,0.11,0.08,0.11,Matches,
487,Ben Brereton,cl CHI,"MF,FW",Sheffield Utd,24-332,1999,4,4,254,2.8,2,0,2,2,0,0,1,0,1.1,1.1,0,1.1,7,8,22,0.71,0,0.71,0.71,0.71,0.39,0.01,0.4,0.39,0.4,Matches,
488,Jarrad Branthwaite,eng ENG,DF,Everton,21-262,2002,25,25,"2,250",25,2,0,2,2,0,0,7,0,1.4,1.4,0.9,2.3,2,47,4,0.08,0,0.08,0.08,0.08,0.06,0.04,0.09,0.06,0.09,Matches,
489,Conor Bradley,nir NIR,DF,Liverpool,20-250,2003,6,6,441,4.9,1,3,4,1,0,0,1,0,0.7,0.7,1.1,1.8,16,16,37,0.2,0.61,0.82,0.2,0.82,0.14,0.21,0.36,0.14,0.36,Matches,
490,Jarrod Bowen,eng ENG,FW,West Ham,27-086,1996,27,27,"2,426",27,14,3,17,14,0,0,2,0,9.3,9.3,3.8,13.1,71,44,152,0.52,0.11,0.63,0.52,0.63,0.34,0.14,0.48,0.34,0.48,Matches,
491,Sven Botman,nl NED,DF,Newcastle Utd,24-063,2000,17,15,"1,377",15.3,2,2,4,2,0,0,2,0,0.6,0.6,1,1.6,0,35,5,0.13,0.13,0.26,0.13,0.26,0.04,0.07,0.11,0.04,0.11,Matches,
492,Willy Boly,ci CIV,DF,Nott'ham Forest,33-041,1991,15,13,995,11.1,1,0,1,1,0,0,3,1,1.3,1.3,1,2.3,4,22,2,0.09,0,0.09,0.09,0.09,0.12,0.09,0.2,0.12,0.2,Matches,
493,Jayden Bogle,eng ENG,DF,Sheffield Utd,23-232,2000,24,22,"1,916",21.3,1,0,1,1,0,0,8,0,1.4,1.4,0.8,2.2,20,35,59,0.05,0,0.05,0.05,0.05,0.07,0.04,0.11,0.07,0.11,Matches,
494,Oscar Bobb,no NOR,"FW,MF",Manchester City,20-247,2003,9,1,180,2,1,1,2,1,0,0,0,0,1.3,1.3,0.9,2.2,9,18,29,0.5,0.5,1,0.5,1,0.64,0.47,1.11,0.64,1.11,Matches,
495,Benicio Boaitey,eng ENG,"DF,FW",Brighton,20-066,2004,4,0,16,0.2,0,0,0,0,0,0,0,0,0,0,0,0,0,1,1,0,0,0,0,0,0,0,0,0,0,Matches,
496,Yves Bissouma,ml MLI,MF,Tottenham,27-198,1996,19,18,"1,484",16.5,0,0,0,0,0,0,7,2,1.2,1.2,0.3,1.5,33,116,9,0,0,0,0,0,0.07,0.02,0.09,0.07,0.09,Matches,
497,Philip Billing,dk DEN,MF,Bournemouth,27-278,1996,23,12,"1,239",13.8,2,2,4,2,0,0,3,1,2.1,2.1,2.9,5,17,46,54,0.15,0.15,0.29,0.15,0.29,0.16,0.21,0.37,0.16,0.37,Matches,
498,Jordan Beyer,de GER,DF,Burnley,23-301,2000,15,15,"1,234",13.7,0,1,1,0,0,0,6,0,0.5,0.5,0.3,0.8,9,25,1,0,0.07,0.07,0,0.07,0.04,0.02,0.06,0.04,0.06,Matches,
499,Beto,gw GNB,FW,Everton,26-044,1998,23,7,746,8.3,2,0,2,2,0,1,2,0,4.7,3.9,0.9,4.9,11,14,46,0.24,0,0.24,0.24,0.24,0.57,0.11,0.68,0.48,0.59,Matches,
500,Luke Berry,eng ENG,"MF,DF",Luton Town,31-247,1992,8,0,62,0.7,0,0,0,0,0,0,1,0,0.2,0.2,0.1,0.3,1,1,3,0,0,0,0,0,0.33,0.09,0.42,0.33,0.42,Matches,
501,Sander Berge,no NOR,MF,Burnley,26-030,1998,27,24,"2,105",23.4,1,1,2,1,0,0,8,1,1.7,1.7,1.2,2.9,39,90,21,0.04,0.04,0.09,0.04,0.09,0.07,0.05,0.13,0.07,0.13,Matches,
502,Jóhann Berg Guðmundsson,is ISL,MF,Burnley,33-140,1990,20,12,"1,050",11.7,0,2,2,0,0,0,2,0,0.9,0.9,2.3,3.3,9,52,55,0,0.17,0.17,0,0.17,0.08,0.2,0.28,0.08,0.28,Matches,
503,Daniel Bentley,eng ENG,GK,Wolves,30-246,1993,4,2,293,3.3,0,0,0,0,0,0,0,0,0,0,0,0,0,0,0,0,0,0,0,0,0,0,0,0,0,Matches,
504,Rodrigo Bentancur,uy URU,MF,Tottenham,26-264,1997,12,7,509,5.7,1,0,1,1,0,0,3,0,1,1,0.3,1.3,6,30,19,0.18,0,0.18,0.18,0.18,0.18,0.05,0.23,0.18,0.23,Matches,
505,Saïd Benrahma,dz ALG,"FW,MF",West Ham,28-218,1995,13,5,620,6.9,0,1,1,0,0,1,1,0,1.8,1,1.4,2.5,28,28,70,0,0.15,0.15,0,0.15,0.27,0.21,0.47,0.15,0.36,Matches,
506,Anis Ben Slimane,tn TUN,MF,Sheffield Utd,22-365,2001,11,4,366,4.1,0,0,0,0,0,0,2,0,0.7,0.7,0.3,1,2,9,17,0,0,0,0,0,0.17,0.07,0.24,0.17,0.24,Matches,
507,Jean-Ricner Bellegarde,fr FRA,"MF,FW",Wolves,25-262,1998,19,9,806,9,2,1,3,2,0,0,0,1,1.4,1.4,0.8,2.2,25,37,43,0.22,0.11,0.33,0.22,0.33,0.15,0.09,0.25,0.15,0.25,Matches,
508,Amari'i Bell,jm JAM,DF,Luton Town,29-315,1994,21,21,"1,720",19.1,0,0,0,0,0,0,0,0,0.3,0.3,0.5,0.7,32,76,10,0,0,0,0,0,0.01,0.02,0.04,0.01,0.04,Matches,
509,Donny van de Beek,nl NED,DF,Manchester Utd,26-332,1997,1,0,3,0,0,0,0,0,0,0,0,0,0,0,0.1,0.2,0,0,1,0,0,0,0,0,1.09,4.44,5.54,1.09,5.54,Matches,
510,Owen Beck,wls WAL,DF,Liverpool,21-219,2002,1,0,8,0.1,0,0,0,0,0,0,0,0,0,0,0,0,0,0,1,0,0,0,0,0,0,0,0,0,0,Matches,
511,Calvin Bassey,ng NGA,DF,Fulham,24-075,1999,19,15,"1,403",15.6,1,0,1,1,0,0,4,1,0.2,0.2,0,0.2,7,36,4,0.06,0,0.06,0.06,0.06,0.01,0,0.02,0.01,0.02,Matches,
512,Chris Basham,eng ENG,"DF,MF",Sheffield Utd,35-239,1988,8,3,321,3.6,0,0,0,0,0,0,1,0,0.1,0.1,0.3,0.4,1,7,6,0,0,0,0,0,0.04,0.07,0.1,0.04,0.1,Matches,
513,Harvey Barnes,eng ENG,FW,Newcastle Utd,26-097,1997,11,3,360,4,2,1,3,2,0,0,1,0,1.2,1.2,0.9,2,26,13,38,0.5,0.25,0.75,0.5,0.75,0.29,0.22,0.51,0.29,0.51,Matches,
514,Ross Barkley,eng ENG,MF,Luton Town,30-101,1993,23,21,"1,873",20.8,4,3,7,4,0,0,4,0,3.3,3.3,3.5,6.8,36,118,23,0.19,0.14,0.34,0.19,0.34,0.16,0.17,0.32,0.16,0.32,Matches,
515,Shandon Baptiste,gd GRN,MF,Brentford,25-342,1998,9,2,218,2.4,1,0,1,1,0,0,0,0,0.9,0.9,0.1,1,3,5,0,0.41,0,0.41,0.41,0.41,0.37,0.05,0.41,0.37,0.41,Matches,
516,Fodé Ballo-Touré,sn SEN,"DF,MF",Fulham,27-072,1997,5,0,58,0.6,0,0,0,0,0,0,1,0,0,0,0,0,5,0,4,0,0,0,0,0,0,0,0,0,0,Matches,
517,Carlos Baleba,cm CMR,MF,Brighton,20-072,2004,17,9,764,8.5,0,0,0,0,0,0,5,0,0.6,0.6,0.2,0.7,6,33,5,0,0,0,0,0,0.07,0.02,0.08,0.07,0.08,Matches,
518,George Baldock,gr GRE,DF,Sheffield Utd,31-006,1993,13,11,969,10.8,0,1,1,0,0,0,4,0,0,0,0.8,0.8,9,31,24,0,0.09,0.09,0,0.09,0,0.07,0.08,0,0.08,Matches,
519,Leon Bailey,jm JAM,"MF,FW",Aston Villa,26-219,1997,26,15,"1,402",15.6,8,8,16,8,0,0,4,0,4.5,4.5,6.8,11.4,73,49,168,0.51,0.51,1.03,0.51,1.03,0.29,0.44,0.73,0.29,0.73,Matches,
520,Benoît Badiashile,fr FRA,DF,Chelsea,22-355,2001,8,6,560,6.2,0,1,1,0,0,0,1,0,0.1,0.1,0.5,0.7,1,25,1,0,0.16,0.16,0,0.16,0.02,0.09,0.11,0.02,0.11,Matches,
521,Jordan Ayew,gh GHA,"FW,MF",Crystal Palace,32-186,1991,26,25,"2,134",23.7,4,6,10,4,0,0,8,1,3.6,3.6,4,7.6,66,58,157,0.17,0.25,0.42,0.17,0.42,0.15,0.17,0.32,0.15,0.32,Matches,
522,Taiwo Awoniyi,ng NGA,FW,Nott'ham Forest,26-216,1997,17,12,"1,024",11.4,6,3,9,6,0,0,2,0,4.7,4.7,1.7,6.4,8,14,43,0.53,0.26,0.79,0.53,0.79,0.42,0.15,0.57,0.42,0.57,Matches,
523,Serge Aurier,ci CIV,"DF,MF",Nott'ham Forest,31-082,1992,12,10,833,9.3,0,2,2,0,0,0,2,0,0.2,0.2,0.5,0.6,10,47,29,0,0.22,0.22,0,0.22,0.02,0.05,0.07,0.02,0.07,Matches,
524,Lorenz Assignon,tg TOG,DF,Burnley,23-267,2000,6,6,527,5.9,0,1,1,0,0,0,2,0,0,0,1.2,1.2,9,5,19,0,0.17,0.17,0,0.17,0.01,0.2,0.21,0.01,0.21,Matches,
525,Alphonse Areola,fr FRA,GK,West Ham,31-017,1993,25,25,"2,204",24.5,0,0,0,0,0,0,1,0,0,0,0,0,0,1,0,0,0,0,0,0,0,0,0,0,0,Matches,
526,Cameron Archer,eng ENG,"FW,MF",Sheffield Utd,22-238,2001,21,16,"1,449",16.1,4,0,4,4,0,0,1,0,3.9,3.9,1.7,5.6,27,12,81,0.25,0,0.25,0.25,0.25,0.24,0.1,0.35,0.24,0.35,Matches,
527,Cameron Archer,eng ENG,MF,Aston Villa,22-238,2001,1,0,6,0.1,0,0,0,0,0,0,1,0,0,0,0,0,1,0,0,0,0,0,0,0,0,0,0,0,0,Matches,
528,Oliver Arblaster,eng ENG,MF,Sheffield Utd,19-315,2004,2,1,106,1.2,0,0,0,0,0,0,0,0,0,0,0,0.1,2,4,0,0,0,0,0,0,0.03,0.03,0.07,0.03,0.07,Matches,
529,Antony,br BRA,FW,Manchester Utd,24-020,2000,22,11,953,10.6,0,0,0,0,0,0,3,0,1.5,1.5,2.1,3.6,37,49,114,0,0,0,0,0,0.14,0.2,0.34,0.14,0.34,Matches,
530,Michail Antonio,jm JAM,FW,West Ham,33-353,1990,16,12,959,10.7,2,2,4,2,0,0,4,0,2.2,2.2,0.8,2.9,30,11,58,0.19,0.19,0.38,0.19,0.38,0.2,0.07,0.28,0.2,0.28,Matches,
531,Jaidon Anthony,eng ENG,FW,Bournemouth,24-105,1999,3,2,152,1.7,0,0,0,0,0,0,1,0,0.1,0.1,0,0.1,2,8,9,0,0,0,0,0,0.04,0,0.04,0.04,0.04,Matches,
532,Elliot Anderson,sct SCO,"MF,FW",Newcastle Utd,21-130,2002,11,4,434,4.8,0,1,1,0,0,0,0,0,0.7,0.7,0.9,1.6,17,28,36,0,0.21,0.21,0,0.21,0.15,0.18,0.33,0.15,0.33,Matches,
533,Joachim Andersen,dk DEN,DF,Crystal Palace,27-289,1996,28,28,"2,519",28,2,2,4,2,0,0,4,0,1.3,1.3,1.7,3,20,121,8,0.07,0.07,0.14,0.07,0.14,0.05,0.06,0.11,0.05,0.11,Matches,
534,Sofyan Amrabat,ma MAR,"MF,DF",Manchester Utd,27-207,1996,14,7,640,7.1,0,0,0,0,0,0,3,0,0.1,0.1,0.2,0.2,5,50,8,0,0,0,0,0,0.01,0.03,0.03,0.01,0.03,Matches,
535,Zeki Amdouni,ch SUI,FW,Burnley,23-102,2000,26,25,"1,758",19.5,4,1,5,4,0,0,1,0,4.2,4.2,1.4,5.6,56,45,81,0.2,0.05,0.26,0.2,0.26,0.22,0.07,0.29,0.22,0.29,Matches,
536,Julián Álvarez,ar ARG,"MF,FW",Manchester City,24-044,2000,28,26,"2,197",24.4,8,7,15,7,1,1,2,0,9,8.2,6.2,14.5,52,87,144,0.33,0.29,0.61,0.29,0.57,0.37,0.25,0.62,0.34,0.59,Matches,
537,Edson Álvarez,mx MEX,MF,West Ham,26-143,1997,24,22,"1,878",20.9,1,1,2,1,0,0,9,0,1.3,1.3,0.4,1.7,17,66,21,0.05,0.05,0.1,0.05,0.1,0.06,0.02,0.08,0.06,0.08,Matches,
538,Miguel Almirón,py PAR,FW,Newcastle Utd,30-034,1994,28,23,"1,838",20.4,3,1,4,3,0,0,1,0,4.5,4.5,2,6.5,77,75,156,0.15,0.05,0.2,0.15,0.2,0.22,0.1,0.32,0.22,0.32,Matches,
539,Alisson,br BRA,GK,Liverpool,31-165,1992,21,21,"1,890",21,0,0,0,0,0,0,1,0,0,0,0,0,0,2,0,0,0,0,0,0,0,0,0,0,0,Matches,
540,Trent Alexander-Arnold,eng ENG,DF,Liverpool,25-160,1998,21,19,"1,622",18,2,4,6,2,0,0,5,0,1.8,1.5,5.5,7,31,153,65,0.11,0.22,0.33,0.11,0.33,0.1,0.3,0.4,0.08,0.39,Matches,
541,Thiago Alcántara,es ESP,MF,Liverpool,32-339,1991,1,0,6,0.1,0,0,0,0,0,0,0,0,0,0,0,0,0,0,0,0,0,0,0,0,0,0,0,0,0,Matches,
542,Nathan Aké,nl NED,DF,Manchester City,29-026,1995,23,19,"1,727",19.2,2,2,4,2,0,0,0,0,1.6,1.6,1.2,2.9,23,102,17,0.1,0.1,0.21,0.1,0.21,0.09,0.06,0.15,0.09,0.15,Matches,
543,Manuel Akanji,ch SUI,"DF,MF",Manchester City,28-240,1995,20,19,"1,676",18.6,2,0,2,2,0,0,4,1,0.9,0.9,0.2,1.1,34,93,21,0.11,0,0.11,0.11,0.11,0.05,0.01,0.06,0.05,0.06,Matches,
544,Kristoffer Ajer,no NOR,DF,Brentford,25-333,1998,20,13,"1,208",13.4,0,1,1,0,0,0,4,0,0.7,0.7,2.2,2.8,17,41,26,0,0.07,0.07,0,0.07,0.05,0.16,0.21,0.05,0.21,Matches,
545,Rayan Aït Nouri,dz ALG,"DF,MF",Wolves,22-283,2001,24,21,"1,705",18.9,1,1,2,1,0,0,6,0,1.9,1.9,1.9,3.8,51,84,78,0.05,0.05,0.11,0.05,0.11,0.1,0.1,0.2,0.1,0.2,Matches,
546,Ola Aina,ng NGA,DF,Nott'ham Forest,27-159,1996,14,12,989,11,1,1,2,1,0,0,3,0,0.2,0.2,0.5,0.7,29,30,22,0.09,0.09,0.18,0.09,0.18,0.01,0.05,0.06,0.01,0.06,Matches,
547,Anel Ahmedhodži?,ba BIH,DF,Sheffield Utd,24-355,1999,22,20,"1,840",20.4,1,0,1,1,0,0,8,0,2.5,2.5,0,2.6,9,29,17,0.05,0,0.05,0.05,0.05,0.12,0,0.13,0.12,0.13,Matches,
548,Naouirou Ahamada,fr FRA,"MF,FW",Crystal Palace,21-352,2002,16,0,235,2.6,0,0,0,0,0,0,1,0,0.4,0.4,0,0.4,15,11,17,0,0,0,0,0,0.14,0.01,0.15,0.14,0.15,Matches,
549,Brandon Aguilera,cr CRC,FW,Nott'ham Forest,20-261,2003,1,0,5,0.1,0,0,0,0,0,0,0,0,0,0,0,0,0,0,1,0,0,0,0,0,0,0,0,0,0,Matches,
550,Nayef Aguerd,ma MAR,DF,West Ham,27-351,1996,20,20,"1,767",19.6,1,0,1,1,0,0,3,1,1.5,1.5,0.2,1.8,10,64,3,0.05,0,0.05,0.05,0.05,0.08,0.01,0.09,0.08,0.09,Matches,
551,Simon Adingra,ci CIV,FW,Brighton,22-074,2002,21,16,"1,446",16.1,6,1,7,6,0,0,2,0,3.1,3.1,2.3,5.4,72,32,199,0.37,0.06,0.44,0.37,0.44,0.19,0.14,0.34,0.19,0.34,Matches,
552,Elijah Adebayo,eng ENG,FW,Luton Town,26-068,1998,23,13,"1,162",12.9,9,0,9,9,0,0,1,0,5.6,5.6,0.7,6.3,14,19,85,0.7,0,0.7,0.7,0.7,0.43,0.05,0.49,0.43,0.49,Matches,
553,Tosin Adarabioyo,eng ENG,DF,Fulham,26-173,1997,14,12,"1,083",12,1,0,1,1,0,0,1,0,0.6,0.6,0.1,0.6,5,38,2,0.08,0,0.08,0.08,0.08,0.05,0.01,0.05,0.05,0.05,Matches,
554,Tyler Adams,us USA,MF,Bournemouth,25-030,1999,1,0,20,0.2,0,0,0,0,0,0,0,0,0,0,0,0,0,1,0,0,0,0,0,0,0,0,0,0,0,Matches,
555,Bénie Adama Traore,ci CIV,"FW,MF",Sheffield Utd,21-106,2002,8,3,387,4.3,0,0,0,0,0,0,0,0,0.3,0.3,0.5,0.8,7,9,14,0,0,0,0,0,0.06,0.13,0.19,0.06,0.19,Matches,
556,Max Aarons,eng ENG,DF,Bournemouth,24-071,2000,14,12,"1,085",12.1,0,1,1,0,0,0,1,0,0,0,0.8,0.8,19,40,22,0,0.08,0.08,0,0.08,0,0.07,0.07,0,0.07,Match,
